1,1,1,0,0,10,0,0
1,2,0,1,0,11,0,0
1,3,1,0,0,11,1,0
1,4,0,1,0,12,1,0
1,5,1,0,0,12,2,0
1,6,0,1,0,13,2,0
1,7,0,1,0,13,3,0
1,8,0,1,0,13,4,0
1,9,0,0,1,13,5,0
1,10,1,0,0,13,5,1
2,1,0,0,1,10,0,0
2,2,0,0,1,10,0,1
2,3,1,0,0,10,0,2
2,4,0,0,1,11,0,2
2,5,0,1,0,11,0,3
2,6,0,0,1,11,1,3
2,7,0,0,1,11,1,4
2,8,1,0,0,11,1,5
2,9,1,0,0,12,1,5
2,10,0,0,1,13,1,5
3,1,0,1,0,10,0,0
3,2,0,0,1,10,1,0
3,3,0,1,0,10,1,1
3,4,1,0,0,10,2,1
3,5,0,1,0,11,2,1
3,6,0,1,0,11,3,1
3,7,0,0,1,11,4,1
3,8,0,0,1,11,4,2
3,9,0,0,1,11,4,3
3,10,1,0,0,11,4,4
4,1,0,0,1,10,0,0
4,2,0,0,1,10,0,1
4,3,0,1,0,10,0,2
4,4,1,0,0,10,1,2
4,5,1,0,0,11,1,2
4,6,0,1,0,12,1,2
4,7,0,1,0,12,2,2
4,8,0,0,1,12,3,2
4,9,0,0,1,12,3,3
4,10,0,0,1,12,3,4
5,1,0,1,0,10,0,0
5,2,0,0,1,10,1,0
5,3,1,0,0,10,1,1
5,4,0,1,0,11,1,1
5,5,1,0,0,11,2,1
5,6,0,0,1,12,2,1
5,7,0,1,0,12,2,2
5,8,0,1,0,12,3,2
5,9,0,0,1,12,4,2
5,10,0,1,0,12,4,3
6,1,1,0,0,10,0,0
6,2,0,1,0,11,0,0
6,3,0,0,1,11,1,0
6,4,0,0,1,11,1,1
6,5,0,0,1,11,1,2
6,6,0,1,0,11,1,3
6,7,1,0,0,11,2,3
6,8,0,0,1,12,2,3
6,9,0,0,1,12,2,4
6,10,0,1,0,12,2,5
7,1,0,1,0,10,0,0
7,2,0,0,1,10,1,0
7,3,0,1,0,10,1,1
7,4,0,1,0,10,2,1
7,5,1,0,0,10,3,1
7,6,0,1,0,11,3,1
7,7,0,1,0,11,4,1
7,8,0,1,0,11,5,1
7,9,0,0,1,11,6,1
7,10,0,1,0,11,6,2
8,1,0,0,1,10,0,0
8,2,0,1,0,10,0,1
8,3,1,0,0,10,1,1
8,4,1,0,0,11,1,1
8,5,0,1,0,12,1,1
8,6,0,0,1,12,2,1
8,7,0,0,1,12,2,2
8,8,1,0,0,12,2,3
8,9,0,0,1,13,2,3
8,10,0,0,1,13,2,4
9,1,1,0,0,10,0,0
9,2,0,1,0,11,0,0
9,3,0,1,0,11,1,0
9,4,1,0,0,11,2,0
9,5,1,0,0,12,2,0
9,6,1,0,0,13,2,0
9,7,1,0,0,14,2,0
9,8,0,1,0,15,2,0
9,9,0,1,0,15,3,0
9,10,0,1,0,15,4,0
10,1,0,0,1,10,0,0
10,2,1,0,0,10,0,1
10,3,0,0,1,11,0,1
10,4,0,0,1,11,0,2
10,5,1,0,0,11,0,3
10,6,1,0,0,12,0,3
10,7,0,0,1,13,0,3
10,8,0,1,0,13,0,4
10,9,0,0,1,13,1,4
10,10,0,0,1,13,1,5
11,1,0,1,0,10,0,0
11,2,0,0,1,10,1,0
11,3,1,0,0,10,1,1
11,4,0,1,0,11,1,1
11,5,0,1,0,11,2,1
11,6,1,0,0,11,3,1
11,7,0,0,1,12,3,1
11,8,0,1,0,12,3,2
11,9,0,1,0,12,4,2
11,10,0,1,0,12,5,2
12,1,0,1,0,10,0,0
12,2,1,0,0,10,1,0
12,3,0,0,1,11,1,0
12,4,0,0,1,11,1,1
12,5,0,1,0,11,1,2
12,6,0,0,1,11,2,2
12,7,0,0,1,11,2,3
12,8,0,0,1,11,2,4
12,9,0,0,1,11,2,5
12,10,0,1,0,11,2,6
13,1,0,0,1,10,0,0
13,2,0,0,1,10,0,1
13,3,1,0,0,10,0,2
13,4,0,1,0,11,0,2
13,5,1,0,0,11,1,2
13,6,0,1,0,12,1,2
13,7,0,0,1,12,2,2
13,8,0,1,0,12,2,3
13,9,0,1,0,12,3,3
13,10,0,1,0,12,4,3
14,1,1,0,0,10,0,0
14,2,0,0,1,11,0,0
14,3,1,0,0,11,0,1
14,4,0,0,1,12,0,1
14,5,1,0,0,12,0,2
14,6,0,0,1,13,0,2
14,7,0,0,1,13,0,3
14,8,1,0,0,13,0,4
14,9,1,0,0,14,0,4
14,10,0,0,1,15,0,4
15,1,1,0,0,10,0,0
15,2,1,0,0,11,0,0
15,3,0,0,1,12,0,0
15,4,0,1,0,12,0,1
15,5,1,0,0,12,1,1
15,6,0,0,1,13,1,1
15,7,0,1,0,13,1,2
15,8,0,1,0,13,2,2
15,9,0,1,0,13,3,2
15,10,0,1,0,13,4,2
16,1,1,0,0,10,0,0
16,2,0,0,1,11,0,0
16,3,1,0,0,11,0,1
16,4,1,0,0,12,0,1
16,5,1,0,0,13,0,1
16,6,1,0,0,14,0,1
16,7,0,0,1,15,0,1
16,8,0,0,1,15,0,2
16,9,0,0,1,15,0,3
16,10,0,0,1,15,0,4
17,1,0,1,0,10,0,0
17,2,1,0,0,10,1,0
17,3,0,0,1,11,1,0
17,4,0,1,0,11,1,1
17,5,1,0,0,11,2,1
17,6,1,0,0,12,2,1
17,7,0,0,1,13,2,1
17,8,0,1,0,13,2,2
17,9,0,1,0,13,3,2
17,10,1,0,0,13,4,2
18,1,0,0,1,10,0,0
18,2,1,0,0,10,0,1
18,3,1,0,0,11,0,1
18,4,1,0,0,12,0,1
18,5,1,0,0,13,0,1
18,6,0,0,1,14,0,1
18,7,0,0,1,14,0,2
18,8,0,0,1,14,0,3
18,9,0,0,1,14,0,4
18,10,0,0,1,14,0,5
19,1,0,1,0,10,0,0
19,2,1,0,0,10,1,0
19,3,1,0,0,11,1,0
19,4,0,1,0,12,1,0
19,5,0,1,0,12,2,0
19,6,0,1,0,12,3,0
19,7,0,1,0,12,4,0
19,8,0,1,0,12,5,0
19,9,1,0,0,12,6,0
19,10,0,1,0,13,6,0
20,1,0,1,0,10,0,0
20,2,0,0,1,10,1,0
20,3,1,0,0,10,1,1
20,4,0,0,1,11,1,1
20,5,0,0,1,11,1,2
20,6,0,1,0,11,1,3
20,7,0,0,1,11,2,3
20,8,0,1,0,11,2,4
20,9,0,1,0,11,3,4
20,10,0,0,1,11,4,4
21,1,0,1,0,10,0,0
21,2,0,0,1,10,1,0
21,3,0,1,0,10,1,1
21,4,1,0,0,10,2,1
21,5,0,1,0,11,2,1
21,6,0,1,0,11,3,1
21,7,0,1,0,11,4,1
21,8,0,0,1,11,5,1
21,9,1,0,0,11,5,2
21,10,0,0,1,12,5,2
22,1,0,0,1,10,0,0
22,2,1,0,0,10,0,1
22,3,0,0,1,11,0,1
22,4,0,1,0,11,0,2
22,5,0,0,1,11,1,2
22,6,0,0,1,11,1,3
22,7,1,0,0,11,1,4
22,8,0,1,0,12,1,4
22,9,0,0,1,12,2,4
22,10,0,1,0,12,2,5
23,1,0,0,1,10,0,0
23,2,0,0,1,10,0,1
23,3,0,1,0,10,0,2
23,4,0,1,0,10,1,2
23,5,0,1,0,10,2,2
23,6,0,1,0,10,3,2
23,7,0,1,0,10,4,2
23,8,1,0,0,10,5,2
23,9,1,0,0,11,5,2
23,10,0,0,1,12,5,2
24,1,0,0,1,10,0,0
24,2,0,0,1,10,0,1
24,3,0,0,1,10,0,2
24,4,1,0,0,10,0,3
24,5,0,0,1,11,0,3
24,6,0,0,1,11,0,4
24,7,1,0,0,11,0,5
24,8,0,0,1,12,0,5
24,9,1,0,0,12,0,6
24,10,0,0,1,13,0,6
25,1,0,1,0,10,0,0
25,2,1,0,0,10,1,0
25,3,0,1,0,11,1,0
25,4,0,0,1,11,2,0
25,5,0,1,0,11,2,1
25,6,1,0,0,11,3,1
25,7,0,1,0,12,3,1
25,8,0,0,1,12,4,1
25,9,0,1,0,12,4,2
25,10,0,1,0,12,5,2
26,1,1,0,0,10,0,0
26,2,0,0,1,11,0,0
26,3,0,1,0,11,0,1
26,4,0,0,1,11,1,1
26,5,0,0,1,11,1,2
26,6,0,0,1,11,1,3
26,7,0,1,0,11,1,4
26,8,0,1,0,11,2,4
26,9,0,1,0,11,3,4
26,10,0,0,1,11,4,4
27,1,0,1,0,10,0,0
27,2,0,0,1,10,1,0
27,3,0,1,0,10,1,1
27,4,0,1,0,10,2,1
27,5,0,0,1,10,3,1
27,6,0,1,0,10,3,2
27,7,1,0,0,10,4,2
27,8,0,0,1,11,4,2
27,9,0,1,0,11,4,3
27,10,1,0,0,11,5,3
28,1,0,0,1,10,0,0
28,2,0,1,0,10,0,1
28,3,0,0,1,10,1,1
28,4,0,0,1,10,1,2
28,5,0,1,0,10,1,3
28,6,0,1,0,10,2,3
28,7,0,1,0,10,3,3
28,8,1,0,0,10,4,3
28,9,0,0,1,11,4,3
28,10,1,0,0,11,4,4
29,1,1,0,0,10,0,0
29,2,1,0,0,11,0,0
29,3,0,1,0,12,0,0
29,4,0,1,0,12,1,0
29,5,1,0,0,12,2,0
29,6,0,0,1,13,2,0
29,7,0,1,0,13,2,1
29,8,1,0,0,13,3,1
29,9,0,1,0,14,3,1
29,10,0,1,0,14,4,1
30,1,0,0,1,10,0,0
30,2,0,1,0,10,0,1
30,3,0,0,1,10,1,1
30,4,1,0,0,10,1,2
30,5,1,0,0,11,1,2
30,6,0,0,1,12,1,2
30,7,0,0,1,12,1,3
30,8,1,0,0,12,1,4
30,9,0,0,1,13,1,4
30,10,0,1,0,13,1,5
31,1,1,0,0,10,0,0
31,2,0,1,0,11,0,0
31,3,1,0,0,11,1,0
31,4,0,1,0,12,1,0
31,5,0,0,1,12,2,0
31,6,1,0,0,12,2,1
31,7,0,1,0,13,2,1
31,8,1,0,0,13,3,1
31,9,0,1,0,14,3,1
31,10,1,0,0,14,4,1
32,1,0,0,1,10,0,0
32,2,0,0,1,10,0,1
32,3,0,0,1,10,0,2
32,4,1,0,0,10,0,3
32,5,1,0,0,11,0,3
32,6,0,1,0,12,0,3
32,7,0,0,1,12,1,3
32,8,1,0,0,12,1,4
32,9,0,1,0,13,1,4
32,10,0,1,0,13,2,4
33,1,0,1,0,10,0,0
33,2,0,1,0,10,1,0
33,3,1,0,0,10,2,0
33,4,1,0,0,11,2,0
33,5,0,1,0,12,2,0
33,6,0,1,0,12,3,0
33,7,0,0,1,12,4,0
33,8,0,0,1,12,4,1
33,9,0,1,0,12,4,2
33,10,0,1,0,12,5,2
34,1,0,0,1,10,0,0
34,2,0,1,0,10,0,1
34,3,0,0,1,10,1,1
34,4,1,0,0,10,1,2
34,5,0,0,1,11,1,2
34,6,1,0,0,11,1,3
34,7,0,0,1,12,1,3
34,8,1,0,0,12,1,4
34,9,0,0,1,13,1,4
34,10,0,1,0,13,1,5
35,1,1,0,0,10,0,0
35,2,1,0,0,11,0,0
35,3,0,0,1,12,0,0
35,4,0,1,0,12,0,1
35,5,0,0,1,12,1,1
35,6,0,1,0,12,1,2
35,7,1,0,0,12,2,2
35,8,0,0,1,13,2,2
35,9,0,1,0,13,2,3
35,10,0,1,0,13,3,3
36,1,0,0,1,10,0,0
36,2,1,0,0,10,0,1
36,3,0,0,1,11,0,1
36,4,1,0,0,11,0,2
36,5,0,0,1,12,0,2
36,6,0,0,1,12,0,3
36,7,0,0,1,12,0,4
36,8,1,0,0,12,0,5
36,9,0,1,0,13,0,5
36,10,0,1,0,13,1,5
37,1,0,0,1,10,0,0
37,2,0,1,0,10,0,1
37,3,0,0,1,10,1,1
37,4,1,0,0,10,1,2
37,5,0,1,0,11,1,2
37,6,0,1,0,11,2,2
37,7,0,1,0,11,3,2
37,8,1,0,0,11,4,2
37,9,0,0,1,12,4,2
37,10,0,0,1,12,4,3
38,1,0,0,1,10,0,0
38,2,0,0,1,10,0,1
38,3,0,0,1,10,0,2
38,4,0,0,1,10,0,3
38,5,1,0,0,10,0,4
38,6,0,0,1,11,0,4
38,7,0,0,1,11,0,5
38,8,0,1,0,11,0,6
38,9,1,0,0,11,1,6
38,10,1,0,0,12,1,6
39,1,0,0,1,10,0,0
39,2,1,0,0,10,0,1
39,3,0,0,1,11,0,1
39,4,1,0,0,11,0,2
39,5,1,0,0,12,0,2
39,6,0,1,0,13,0,2
39,7,0,1,0,13,1,2
39,8,1,0,0,13,2,2
39,9,0,0,1,14,2,2
39,10,0,1,0,14,2,3
40,1,1,0,0,10,0,0
40,2,0,0,1,11,0,0
40,3,0,0,1,11,0,1
40,4,1,0,0,11,0,2
40,5,0,1,0,12,0,2
40,6,0,0,1,12,1,2
40,7,0,0,1,12,1,3
40,8,0,1,0,12,1,4
40,9,1,0,0,12,2,4
40,10,0,0,1,13,2,4
41,1,1,0,0,10,0,0
41,2,1,0,0,11,0,0
41,3,0,1,0,12,0,0
41,4,0,1,0,12,1,0
41,5,1,0,0,12,2,0
41,6,0,1,0,13,2,0
41,7,0,0,1,13,3,0
41,8,0,1,0,13,3,1
41,9,0,1,0,13,4,1
41,10,0,1,0,13,5,1
42,1,0,0,1,10,0,0
42,2,0,1,0,10,0,1
42,3,1,0,0,10,1,1
42,4,1,0,0,11,1,1
42,5,1,0,0,12,1,1
42,6,0,0,1,13,1,1
42,7,0,0,1,13,1,2
42,8,0,0,1,13,1,3
42,9,0,1,0,13,1,4
42,10,0,1,0,13,2,4
43,1,0,1,0,10,0,0
43,2,1,0,0,10,1,0
43,3,0,0,1,11,1,0
43,4,1,0,0,11,1,1
43,5,0,1,0,12,1,1
43,6,0,0,1,12,2,1
43,7,0,1,0,12,2,2
43,8,1,0,0,12,3,2
43,9,0,1,0,13,3,2
43,10,0,1,0,13,4,2
44,1,1,0,0,10,0,0
44,2,0,0,1,11,0,0
44,3,0,0,1,11,0,1
44,4,0,1,0,11,0,2
44,5,0,0,1,11,1,2
44,6,0,0,1,11,1,3
44,7,1,0,0,11,1,4
44,8,0,0,1,12,1,4
44,9,0,0,1,12,1,5
44,10,0,0,1,12,1,6
45,1,1,0,0,10,0,0
45,2,0,1,0,11,0,0
45,3,1,0,0,11,1,0
45,4,1,0,0,12,1,0
45,5,0,1,0,13,1,0
45,6,0,1,0,13,2,0
45,7,1,0,0,13,3,0
45,8,0,1,0,14,3,0
45,9,0,1,0,14,4,0
45,10,0,1,0,14,5,0
46,1,0,0,1,10,0,0
46,2,0,0,1,10,0,1
46,3,1,0,0,10,0,2
46,4,0,1,0,11,0,2
46,5,0,0,1,11,1,2
46,6,0,0,1,11,1,3
46,7,0,0,1,11,1,4
46,8,0,0,1,11,1,5
46,9,0,0,1,11,1,6
46,10,1,0,0,11,1,7
47,1,0,1,0,10,0,0
47,2,0,1,0,10,1,0
47,3,1,0,0,10,2,0
47,4,0,1,0,11,2,0
47,5,0,0,1,11,3,0
47,6,1,0,0,11,3,1
47,7,0,0,1,12,3,1
47,8,0,1,0,12,3,2
47,9,0,0,1,12,4,2
47,10,0,1,0,12,4,3
48,1,0,0,1,10,0,0
48,2,1,0,0,10,0,1
48,3,0,0,1,11,0,1
48,4,0,1,0,11,0,2
48,5,0,0,1,11,1,2
48,6,0,0,1,11,1,3
48,7,0,1,0,11,1,4
48,8,0,1,0,11,2,4
48,9,1,0,0,11,3,4
48,10,0,1,0,12,3,4
49,1,0,0,1,10,0,0
49,2,1,0,0,10,0,1
49,3,1,0,0,11,0,1
49,4,0,1,0,12,0,1
49,5,1,0,0,12,1,1
49,6,0,1,0,13,1,1
49,7,1,0,0,13,2,1
49,8,0,1,0,14,2,1
49,9,0,0,1,14,3,1
49,10,1,0,0,14,3,2
50,1,1,0,0,10,0,0
50,2,1,0,0,11,0,0
50,3,0,0,1,12,0,0
50,4,1,0,0,12,0,1
50,5,1,0,0,13,0,1
50,6,0,1,0,14,0,1
50,7,0,0,1,14,1,1
50,8,0,0,1,14,1,2
50,9,1,0,0,14,1,3
50,10,0,0,1,15,1,3
51,1,0,0,1,10,0,0
51,2,0,1,0,10,0,1
51,3,0,0,1,10,1,1
51,4,0,1,0,10,1,2
51,5,1,0,0,10,2,2
51,6,1,0,0,11,2,2
51,7,0,1,0,12,2,2
51,8,0,0,1,12,3,2
51,9,0,0,1,12,3,3
51,10,0,1,0,12,3,4
52,1,1,0,0,10,0,0
52,2,1,0,0,11,0,0
52,3,1,0,0,12,0,0
52,4,0,0,1,13,0,0
52,5,0,0,1,13,0,1
52,6,0,1,0,13,0,2
52,7,0,0,1,13,1,2
52,8,0,0,1,13,1,3
52,9,1,0,0,13,1,4
52,10,0,1,0,14,1,4
53,1,1,0,0,10,0,0
53,2,1,0,0,11,0,0
53,3,0,1,0,12,0,0
53,4,0,1,0,12,1,0
53,5,0,1,0,12,2,0
53,6,0,1,0,12,3,0
53,7,0,0,1,12,4,0
53,8,0,1,0,12,4,1
53,9,0,0,1,12,5,1
53,10,0,1,0,12,5,2
54,1,0,1,0,10,0,0
54,2,0,0,1,10,1,0
54,3,1,0,0,10,1,1
54,4,0,0,1,11,1,1
54,5,0,0,1,11,1,2
54,6,0,0,1,11,1,3
54,7,1,0,0,11,1,4
54,8,0,1,0,12,1,4
54,9,0,0,1,12,2,4
54,10,0,0,1,12,2,5
55,1,1,0,0,10,0,0
55,2,0,0,1,11,0,0
55,3,0,0,1,11,0,1
55,4,1,0,0,11,0,2
55,5,0,1,0,12,0,2
55,6,0,1,0,12,1,2
55,7,0,1,0,12,2,2
55,8,0,1,0,12,3,2
55,9,0,1,0,12,4,2
55,10,0,1,0,12,5,2
56,1,1,0,0,10,0,0
56,2,0,1,0,11,0,0
56,3,0,1,0,11,1,0
56,4,0,1,0,11,2,0
56,5,1,0,0,11,3,0
56,6,0,0,1,12,3,0
56,7,0,0,1,12,3,1
56,8,0,0,1,12,3,2
56,9,0,0,1,12,3,3
56,10,0,0,1,12,3,4
57,1,0,1,0,10,0,0
57,2,0,1,0,10,1,0
57,3,1,0,0,10,2,0
57,4,1,0,0,11,2,0
57,5,0,1,0,12,2,0
57,6,0,1,0,12,3,0
57,7,0,1,0,12,4,0
57,8,0,0,1,12,5,0
57,9,1,0,0,12,5,1
57,10,0,1,0,13,5,1
58,1,1,0,0,10,0,0
58,2,0,1,0,11,0,0
58,3,1,0,0,11,1,0
58,4,0,1,0,12,1,0
58,5,0,1,0,12,2,0
58,6,0,0,1,12,3,0
58,7,0,0,1,12,3,1
58,8,0,0,1,12,3,2
58,9,0,0,1,12,3,3
58,10,0,0,1,12,3,4
59,1,1,0,0,10,0,0
59,2,0,0,1,11,0,0
59,3,0,1,0,11,0,1
59,4,0,1,0,11,1,1
59,5,1,0,0,11,2,1
59,6,0,1,0,12,2,1
59,7,0,0,1,12,3,1
59,8,0,1,0,12,3,2
59,9,0,0,1,12,4,2
59,10,0,1,0,12,4,3
60,1,0,0,1,10,0,0
60,2,0,1,0,10,0,1
60,3,1,0,0,10,1,1
60,4,0,0,1,11,1,1
60,5,1,0,0,11,1,2
60,6,0,1,0,12,1,2
60,7,0,0,1,12,2,2
60,8,0,0,1,12,2,3
60,9,0,0,1,12,2,4
60,10,0,0,1,12,2,5
61,1,1,0,0,10,0,0
61,2,0,1,0,11,0,0
61,3,0,1,0,11,1,0
61,4,0,1,0,11,2,0
61,5,1,0,0,11,3,0
61,6,1,0,0,12,3,0
61,7,0,1,0,13,3,0
61,8,1,0,0,13,4,0
61,9,0,1,0,14,4,0
61,10,0,1,0,14,5,0
62,1,0,0,1,10,0,0
62,2,0,1,0,10,0,1
62,3,0,0,1,10,1,1
62,4,0,1,0,10,1,2
62,5,0,1,0,10,2,2
62,6,0,0,1,10,3,2
62,7,0,1,0,10,3,3
62,8,0,1,0,10,4,3
62,9,1,0,0,10,5,3
62,10,1,0,0,11,5,3
63,1,0,1,0,10,0,0
63,2,1,0,0,10,1,0
63,3,1,0,0,11,1,0
63,4,0,1,0,12,1,0
63,5,0,1,0,12,2,0
63,6,1,0,0,12,3,0
63,7,0,0,1,13,3,0
63,8,0,0,1,13,3,1
63,9,0,1,0,13,3,2
63,10,0,1,0,13,4,2
64,1,0,0,1,10,0,0
64,2,1,0,0,10,0,1
64,3,0,0,1,11,0,1
64,4,1,0,0,11,0,2
64,5,1,0,0,12,0,2
64,6,0,0,1,13,0,2
64,7,0,0,1,13,0,3
64,8,0,1,0,13,0,4
64,9,0,0,1,13,1,4
64,10,0,0,1,13,1,5
65,1,1,0,0,10,0,0
65,2,1,0,0,11,0,0
65,3,1,0,0,12,0,0
65,4,0,1,0,13,0,0
65,5,0,1,0,13,1,0
65,6,0,1,0,13,2,0
65,7,0,1,0,13,3,0
65,8,0,1,0,13,4,0
65,9,0,0,1,13,5,0
65,10,0,1,0,13,5,1
66,1,0,0,1,10,0,0
66,2,0,1,0,10,0,1
66,3,1,0,0,10,1,1
66,4,1,0,0,11,1,1
66,5,0,1,0,12,1,1
66,6,0,1,0,12,2,1
66,7,0,0,1,12,3,1
66,8,0,1,0,12,3,2
66,9,0,0,1,12,4,2
66,10,0,1,0,12,4,3
67,1,0,0,1,10,0,0
67,2,1,0,0,10,0,1
67,3,1,0,0,11,0,1
67,4,0,1,0,12,0,1
67,5,0,0,1,12,1,1
67,6,0,1,0,12,1,2
67,7,0,1,0,12,2,2
67,8,0,0,1,12,3,2
67,9,0,1,0,12,3,3
67,10,0,1,0,12,4,3
68,1,1,0,0,10,0,0
68,2,0,0,1,11,0,0
68,3,1,0,0,11,0,1
68,4,0,0,1,12,0,1
68,5,1,0,0,12,0,2
68,6,0,0,1,13,0,2
68,7,1,0,0,13,0,3
68,8,0,0,1,14,0,3
68,9,0,0,1,14,0,4
68,10,0,0,1,14,0,5
69,1,0,1,0,10,0,0
69,2,0,1,0,10,1,0
69,3,1,0,0,10,2,0
69,4,1,0,0,11,2,0
69,5,0,0,1,12,2,0
69,6,0,1,0,12,2,1
69,7,0,1,0,12,3,1
69,8,0,1,0,12,4,1
69,9,0,0,1,12,5,1
69,10,0,1,0,12,5,2
70,1,0,1,0,10,0,0
70,2,0,0,1,10,1,0
70,3,0,0,1,10,1,1
70,4,1,0,0,10,1,2
70,5,0,1,0,11,1,2
70,6,0,0,1,11,2,2
70,7,0,0,1,11,2,3
70,8,0,1,0,11,2,4
70,9,1,0,0,11,3,4
70,10,0,0,1,12,3,4
71,1,0,0,1,10,0,0
71,2,0,1,0,10,0,1
71,3,1,0,0,10,1,1
71,4,0,1,0,11,1,1
71,5,1,0,0,11,2,1
71,6,1,0,0,12,2,1
71,7,0,1,0,13,2,1
71,8,1,0,0,13,3,1
71,9,0,0,1,14,3,1
71,10,0,1,0,14,3,2
72,1,0,0,1,10,0,0
72,2,1,0,0,10,0,1
72,3,0,0,1,11,0,1
72,4,0,1,0,11,0,2
72,5,0,1,0,11,1,2
72,6,0,1,0,11,2,2
72,7,1,0,0,11,3,2
72,8,0,0,1,12,3,2
72,9,0,0,1,12,3,3
72,10,0,0,1,12,3,4
73,1,1,0,0,10,0,0
73,2,0,1,0,11,0,0
73,3,0,1,0,11,1,0
73,4,1,0,0,11,2,0
73,5,0,1,0,12,2,0
73,6,0,1,0,12,3,0
73,7,1,0,0,12,4,0
73,8,0,1,0,13,4,0
73,9,0,1,0,13,5,0
73,10,0,1,0,13,6,0
74,1,1,0,0,10,0,0
74,2,0,0,1,11,0,0
74,3,0,1,0,11,0,1
74,4,0,0,1,11,1,1
74,5,1,0,0,11,1,2
74,6,1,0,0,12,1,2
74,7,1,0,0,13,1,2
74,8,0,0,1,14,1,2
74,9,1,0,0,14,1,3
74,10,0,0,1,15,1,3
75,1,0,1,0,10,0,0
75,2,0,0,1,10,1,0
75,3,0,0,1,10,1,1
75,4,0,1,0,10,1,2
75,5,1,0,0,10,2,2
75,6,0,1,0,11,2,2
75,7,1,0,0,11,3,2
75,8,0,1,0,12,3,2
75,9,0,0,1,12,4,2
75,10,0,1,0,12,4,3
76,1,1,0,0,10,0,0
76,2,1,0,0,11,0,0
76,3,1,0,0,12,0,0
76,4,0,0,1,13,0,0
76,5,0,0,1,13,0,1
76,6,0,0,1,13,0,2
76,7,1,0,0,13,0,3
76,8,0,0,1,14,0,3
76,9,0,0,1,14,0,4
76,10,0,0,1,14,0,5
77,1,0,1,0,10,0,0
77,2,0,1,0,10,1,0
77,3,1,0,0,10,2,0
77,4,1,0,0,11,2,0
77,5,1,0,0,12,2,0
77,6,0,1,0,13,2,0
77,7,0,0,1,13,3,0
77,8,0,0,1,13,3,1
77,9,0,0,1,13,3,2
77,10,0,0,1,13,3,3
78,1,1,0,0,10,0,0
78,2,0,1,0,11,0,0
78,3,0,0,1,11,1,0
78,4,1,0,0,11,1,1
78,5,0,0,1,12,1,1
78,6,0,1,0,12,1,2
78,7,0,0,1,12,2,2
78,8,0,0,1,12,2,3
78,9,0,1,0,12,2,4
78,10,0,0,1,12,3,4
79,1,0,0,1,10,0,0
79,2,0,1,0,10,0,1
79,3,0,1,0,10,1,1
79,4,1,0,0,10,2,1
79,5,0,0,1,11,2,1
79,6,0,1,0,11,2,2
79,7,0,1,0,11,3,2
79,8,0,1,0,11,4,2
79,9,1,0,0,11,5,2
79,10,0,0,1,12,5,2
80,1,0,1,0,10,0,0
80,2,1,0,0,10,1,0
80,3,0,1,0,11,1,0
80,4,1,0,0,11,2,0
80,5,1,0,0,12,2,0
80,6,0,0,1,13,2,0
80,7,0,0,1,13,2,1
80,8,0,0,1,13,2,2
80,9,0,0,1,13,2,3
80,10,0,1,0,13,2,4
81,1,1,0,0,10,0,0
81,2,0,1,0,11,0,0
81,3,0,1,0,11,1,0
81,4,1,0,0,11,2,0
81,5,0,0,1,12,2,0
81,6,0,1,0,12,2,1
81,7,0,0,1,12,3,1
81,8,0,1,0,12,3,2
81,9,1,0,0,12,4,2
81,10,1,0,0,13,4,2
82,1,1,0,0,10,0,0
82,2,0,1,0,11,0,0
82,3,0,0,1,11,1,0
82,4,1,0,0,11,1,1
82,5,1,0,0,12,1,1
82,6,0,0,1,13,1,1
82,7,0,0,1,13,1,2
82,8,0,0,1,13,1,3
82,9,0,0,1,13,1,4
82,10,0,1,0,13,1,5
83,1,1,0,0,10,0,0
83,2,0,0,1,11,0,0
83,3,0,1,0,11,0,1
83,4,0,1,0,11,1,1
83,5,0,1,0,11,2,1
83,6,1,0,0,11,3,1
83,7,0,1,0,12,3,1
83,8,0,1,0,12,4,1
83,9,0,0,1,12,5,1
83,10,0,0,1,12,5,2
84,1,1,0,0,10,0,0
84,2,0,0,1,11,0,0
84,3,0,0,1,11,0,1
84,4,0,0,1,11,0,2
84,5,0,0,1,11,0,3
84,6,1,0,0,11,0,4
84,7,0,1,0,12,0,4
84,8,0,0,1,12,1,4
84,9,0,0,1,12,1,5
84,10,0,0,1,12,1,6
85,1,1,0,0,10,0,0
85,2,0,1,0,11,0,0
85,3,1,0,0,11,1,0
85,4,0,1,0,12,1,0
85,5,1,0,0,12,2,0
85,6,0,1,0,13,2,0
85,7,0,1,0,13,3,0
85,8,0,0,1,13,4,0
85,9,1,0,0,13,4,1
85,10,0,1,0,14,4,1
86,1,1,0,0,10,0,0
86,2,0,0,1,11,0,0
86,3,0,1,0,11,0,1
86,4,0,0,1,11,1,1
86,5,0,1,0,11,1,2
86,6,0,0,1,11,2,2
86,7,0,0,1,11,2,3
86,8,1,0,0,11,2,4
86,9,0,0,1,12,2,4
86,10,0,1,0,12,2,5
87,1,0,0,1,10,0,0
87,2,1,0,0,10,0,1
87,3,1,0,0,11,0,1
87,4,1,0,0,12,0,1
87,5,1,0,0,13,0,1
87,6,0,1,0,14,0,1
87,7,1,0,0,14,1,1
87,8,0,1,0,15,1,1
87,9,0,1,0,15,2,1
87,10,0,1,0,15,3,1
88,1,0,1,0,10,0,0
88,2,1,0,0,10,1,0
88,3,1,0,0,11,1,0
88,4,0,1,0,12,1,0
88,5,0,0,1,12,2,0
88,6,0,0,1,12,2,1
88,7,1,0,0,12,2,2
88,8,0,0,1,13,2,2
88,9,0,0,1,13,2,3
88,10,1,0,0,13,2,4
89,1,0,1,0,10,0,0
89,2,1,0,0,10,1,0
89,3,0,1,0,11,1,0
89,4,0,0,1,11,2,0
89,5,0,1,0,11,2,1
89,6,1,0,0,11,3,1
89,7,0,0,1,12,3,1
89,8,1,0,0,12,3,2
89,9,0,1,0,13,3,2
89,10,0,1,0,13,4,2
90,1,0,1,0,10,0,0
90,2,0,0,1,10,1,0
90,3,0,1,0,10,1,1
90,4,1,0,0,10,2,1
90,5,1,0,0,11,2,1
90,6,0,0,1,12,2,1
90,7,0,0,1,12,2,2
90,8,0,0,1,12,2,3
90,9,0,1,0,12,2,4
90,10,1,0,0,12,3,4
91,1,1,0,0,10,0,0
91,2,0,1,0,11,0,0
91,3,0,1,0,11,1,0
91,4,1,0,0,11,2,0
91,5,1,0,0,12,2,0
91,6,0,1,0,13,2,0
91,7,1,0,0,13,3,0
91,8,0,1,0,14,3,0
91,9,0,1,0,14,4,0
91,10,0,1,0,14,5,0
92,1,0,0,1,10,0,0
92,2,0,0,1,10,0,1
92,3,1,0,0,10,0,2
92,4,1,0,0,11,0,2
92,5,0,0,1,12,0,2
92,6,0,0,1,12,0,3
92,7,0,1,0,12,0,4
92,8,0,0,1,12,1,4
92,9,1,0,0,12,1,5
92,10,0,1,0,13,1,5
93,1,1,0,0,10,0,0
93,2,0,1,0,11,0,0
93,3,0,1,0,11,1,0
93,4,0,0,1,11,2,0
93,5,1,0,0,11,2,1
93,6,0,1,0,12,2,1
93,7,0,0,1,12,3,1
93,8,0,1,0,12,3,2
93,9,0,0,1,12,4,2
93,10,0,0,1,12,4,3
94,1,1,0,0,10,0,0
94,2,1,0,0,11,0,0
94,3,0,0,1,12,0,0
94,4,0,0,1,12,0,1
94,5,0,0,1,12,0,2
94,6,0,0,1,12,0,3
94,7,0,0,1,12,0,4
94,8,0,0,1,12,0,5
94,9,0,1,0,12,0,6
94,10,1,0,0,12,1,6
95,1,0,0,1,10,0,0
95,2,0,0,1,10,0,1
95,3,0,0,1,10,0,2
95,4,1,0,0,10,0,3
95,5,0,0,1,11,0,3
95,6,0,1,0,11,0,4
95,7,0,1,0,11,1,4
95,8,0,1,0,11,2,4
95,9,1,0,0,11,3,4
95,10,0,1,0,12,3,4
96,1,0,0,1,10,0,0
96,2,0,0,1,10,0,1
96,3,1,0,0,10,0,2
96,4,1,0,0,11,0,2
96,5,1,0,0,12,0,2
96,6,0,1,0,13,0,2
96,7,0,0,1,13,1,2
96,8,0,0,1,13,1,3
96,9,0,0,1,13,1,4
96,10,0,0,1,13,1,5
97,1,1,0,0,10,0,0
97,2,0,0,1,11,0,0
97,3,1,0,0,11,0,1
97,4,1,0,0,12,0,1
97,5,0,1,0,13,0,1
97,6,0,1,0,13,1,1
97,7,0,1,0,13,2,1
97,8,0,1,0,13,3,1
97,9,0,1,0,13,4,1
97,10,0,1,0,13,5,1
98,1,0,1,0,10,0,0
98,2,0,0,1,10,1,0
98,3,0,1,0,10,1,1
98,4,0,0,1,10,2,1
98,5,0,1,0,10,2,2
98,6,0,0,1,10,3,2
98,7,1,0,0,10,3,3
98,8,1,0,0,11,3,3
98,9,0,1,0,12,3,3
98,10,0,0,1,12,4,3
99,1,1,0,0,10,0,0
99,2,1,0,0,11,0,0
99,3,0,1,0,12,0,0
99,4,0,1,0,12,1,0
99,5,0,1,0,12,2,0
99,6,1,0,0,12,3,0
99,7,0,1,0,13,3,0
99,8,0,1,0,13,4,0
99,9,0,0,1,13,5,0
99,10,1,0,0,13,5,1
100,1,0,0,1,10,0,0
100,2,0,0,1,10,0,1
100,3,0,1,0,10,0,2
100,4,0,1,0,10,1,2
100,5,0,0,1,10,2,2
100,6,0,0,1,10,2,3
100,7,1,0,0,10,2,4
100,8,1,0,0,11,2,4
100,9,0,1,0,12,2,4
100,10,0,1,0,12,3,4
101,1,1,0,0,10,0,0
101,2,0,1,0,11,0,0
101,3,0,1,0,11,1,0
101,4,1,0,0,11,2,0
101,5,0,1,0,12,2,0
101,6,0,0,1,12,3,0
101,7,0,1,0,12,3,1
101,8,1,0,0,12,4,1
101,9,1,0,0,13,4,1
101,10,0,0,1,14,4,1
102,1,1,0,0,10,0,0
102,2,0,0,1,11,0,0
102,3,1,0,0,11,0,1
102,4,0,0,1,12,0,1
102,5,0,0,1,12,0,2
102,6,0,0,1,12,0,3
102,7,1,0,0,12,0,4
102,8,1,0,0,13,0,4
102,9,0,0,1,14,0,4
102,10,1,0,0,14,0,5
103,1,1,0,0,10,0,0
103,2,1,0,0,11,0,0
103,3,0,0,1,12,0,0
103,4,0,1,0,12,0,1
103,5,0,1,0,12,1,1
103,6,0,0,1,12,2,1
103,7,0,1,0,12,2,2
103,8,0,1,0,12,3,2
103,9,0,0,1,12,4,2
103,10,0,0,1,12,4,3
104,1,1,0,0,10,0,0
104,2,0,0,1,11,0,0
104,3,1,0,0,11,0,1
104,4,0,0,1,12,0,1
104,5,1,0,0,12,0,2
104,6,0,1,0,13,0,2
104,7,0,0,1,13,1,2
104,8,0,0,1,13,1,3
104,9,0,0,1,13,1,4
104,10,0,1,0,13,1,5
105,1,0,0,1,10,0,0
105,2,1,0,0,10,0,1
105,3,1,0,0,11,0,1
105,4,0,0,1,12,0,1
105,5,0,1,0,12,0,2
105,6,1,0,0,12,1,2
105,7,0,0,1,13,1,2
105,8,0,0,1,13,1,3
105,9,0,1,0,13,1,4
105,10,0,0,1,13,2,4
106,1,1,0,0,10,0,0
106,2,0,0,1,11,0,0
106,3,0,0,1,11,0,1
106,4,0,1,0,11,0,2
106,5,0,0,1,11,1,2
106,6,1,0,0,11,1,3
106,7,0,0,1,12,1,3
106,8,0,0,1,12,1,4
106,9,0,0,1,12,1,5
106,10,0,1,0,12,1,6
107,1,0,1,0,10,0,0
107,2,1,0,0,10,1,0
107,3,1,0,0,11,1,0
107,4,0,1,0,12,1,0
107,5,0,0,1,12,2,0
107,6,0,1,0,12,2,1
107,7,1,0,0,12,3,1
107,8,0,1,0,13,3,1
107,9,0,1,0,13,4,1
107,10,0,1,0,13,5,1
108,1,0,1,0,10,0,0
108,2,0,0,1,10,1,0
108,3,1,0,0,10,1,1
108,4,1,0,0,11,1,1
108,5,0,0,1,12,1,1
108,6,0,0,1,12,1,2
108,7,0,1,0,12,1,3
108,8,0,0,1,12,2,3
108,9,0,1,0,12,2,4
108,10,0,0,1,12,3,4
109,1,1,0,0,10,0,0
109,2,0,1,0,11,0,0
109,3,1,0,0,11,1,0
109,4,0,1,0,12,1,0
109,5,1,0,0,12,2,0
109,6,0,1,0,13,2,0
109,7,0,1,0,13,3,0
109,8,0,1,0,13,4,0
109,9,0,1,0,13,5,0
109,10,0,1,0,13,6,0
110,1,1,0,0,10,0,0
110,2,1,0,0,11,0,0
110,3,0,0,1,12,0,0
110,4,0,1,0,12,0,1
110,5,0,0,1,12,1,1
110,6,0,0,1,12,1,2
110,7,1,0,0,12,1,3
110,8,1,0,0,13,1,3
110,9,0,1,0,14,1,3
110,10,0,0,1,14,2,3
111,1,0,1,0,10,0,0
111,2,0,1,0,10,1,0
111,3,1,0,0,10,2,0
111,4,0,1,0,11,2,0
111,5,0,1,0,11,3,0
111,6,0,1,0,11,4,0
111,7,0,0,1,11,5,0
111,8,1,0,0,11,5,1
111,9,0,1,0,12,5,1
111,10,0,0,1,12,6,1
112,1,0,1,0,10,0,0
112,2,1,0,0,10,1,0
112,3,0,0,1,11,1,0
112,4,1,0,0,11,1,1
112,5,0,0,1,12,1,1
112,6,1,0,0,12,1,2
112,7,0,0,1,13,1,2
112,8,1,0,0,13,1,3
112,9,0,1,0,14,1,3
112,10,0,0,1,14,2,3
113,1,0,0,1,10,0,0
113,2,1,0,0,10,0,1
113,3,0,1,0,11,0,1
113,4,0,1,0,11,1,1
113,5,0,0,1,11,2,1
113,6,0,0,1,11,2,2
113,7,0,0,1,11,2,3
113,8,1,0,0,11,2,4
113,9,0,1,0,12,2,4
113,10,0,1,0,12,3,4
114,1,0,1,0,10,0,0
114,2,0,0,1,10,1,0
114,3,1,0,0,10,1,1
114,4,0,0,1,11,1,1
114,5,0,0,1,11,1,2
114,6,0,0,1,11,1,3
114,7,0,0,1,11,1,4
114,8,1,0,0,11,1,5
114,9,0,0,1,12,1,5
114,10,0,1,0,12,1,6
115,1,0,1,0,10,0,0
115,2,0,1,0,10,1,0
115,3,1,0,0,10,2,0
115,4,0,1,0,11,2,0
115,5,1,0,0,11,3,0
115,6,1,0,0,12,3,0
115,7,1,0,0,13,3,0
115,8,0,1,0,14,3,0
115,9,0,1,0,14,4,0
115,10,0,1,0,14,5,0
116,1,0,0,1,10,0,0
116,2,0,0,1,10,0,1
116,3,0,0,1,10,0,2
116,4,1,0,0,10,0,3
116,5,1,0,0,11,0,3
116,6,0,0,1,12,0,3
116,7,1,0,0,12,0,4
116,8,0,0,1,13,0,4
116,9,0,0,1,13,0,5
116,10,0,0,1,13,0,6
117,1,1,0,0,10,0,0
117,2,0,1,0,11,0,0
117,3,0,1,0,11,1,0
117,4,0,1,0,11,2,0
117,5,1,0,0,11,3,0
117,6,1,0,0,12,3,0
117,7,1,0,0,13,3,0
117,8,1,0,0,14,3,0
117,9,0,1,0,15,3,0
117,10,0,0,1,15,4,0
118,1,1,0,0,10,0,0
118,2,0,1,0,11,0,0
118,3,1,0,0,11,1,0
118,4,0,0,1,12,1,0
118,5,1,0,0,12,1,1
118,6,0,1,0,13,1,1
118,7,0,0,1,13,2,1
118,8,0,0,1,13,2,2
118,9,0,0,1,13,2,3
118,10,1,0,0,13,2,4
119,1,0,0,1,10,0,0
119,2,0,0,1,10,0,1
119,3,1,0,0,10,0,2
119,4,1,0,0,11,0,2
119,5,0,1,0,12,0,2
119,6,0,1,0,12,1,2
119,7,0,1,0,12,2,2
119,8,1,0,0,12,3,2
119,9,0,1,0,13,3,2
119,10,0,1,0,13,4,2
120,1,1,0,0,10,0,0
120,2,1,0,0,11,0,0
120,3,0,0,1,12,0,0
120,4,0,1,0,12,0,1
120,5,0,1,0,12,1,1
120,6,1,0,0,12,2,1
120,7,0,0,1,13,2,1
120,8,0,0,1,13,2,2
120,9,1,0,0,13,2,3
120,10,0,1,0,14,2,3
121,1,0,1,0,10,0,0
121,2,1,0,0,10,1,0
121,3,0,1,0,11,1,0
121,4,0,0,1,11,2,0
121,5,1,0,0,11,2,1
121,6,0,1,0,12,2,1
121,7,0,1,0,12,3,1
121,8,0,1,0,12,4,1
121,9,0,1,0,12,5,1
121,10,0,0,1,12,6,1
122,1,0,0,1,10,0,0
122,2,0,0,1,10,0,1
122,3,1,0,0,10,0,2
122,4,1,0,0,11,0,2
122,5,0,0,1,12,0,2
122,6,1,0,0,12,0,3
122,7,1,0,0,13,0,3
122,8,0,0,1,14,0,3
122,9,0,0,1,14,0,4
122,10,0,0,1,14,0,5
123,1,1,0,0,10,0,0
123,2,0,0,1,11,0,0
123,3,0,1,0,11,0,1
123,4,0,1,0,11,1,1
123,5,1,0,0,11,2,1
123,6,1,0,0,12,2,1
123,7,0,1,0,13,2,1
123,8,0,1,0,13,3,1
123,9,0,1,0,13,4,1
123,10,0,1,0,13,5,1
124,1,1,0,0,10,0,0
124,2,1,0,0,11,0,0
124,3,0,0,1,12,0,0
124,4,0,0,1,12,0,1
124,5,0,1,0,12,0,2
124,6,0,1,0,12,1,2
124,7,0,0,1,12,2,2
124,8,0,0,1,12,2,3
124,9,0,0,1,12,2,4
124,10,0,1,0,12,2,5
125,1,0,1,0,10,0,0
125,2,0,0,1,10,1,0
125,3,1,0,0,10,1,1
125,4,1,0,0,11,1,1
125,5,1,0,0,12,1,1
125,6,0,1,0,13,1,1
125,7,1,0,0,13,2,1
125,8,0,1,0,14,2,1
125,9,0,1,0,14,3,1
125,10,0,1,0,14,4,1
126,1,0,0,1,10,0,0
126,2,0,0,1,10,0,1
126,3,0,1,0,10,0,2
126,4,0,0,1,10,1,2
126,5,0,0,1,10,1,3
126,6,1,0,0,10,1,4
126,7,1,0,0,11,1,4
126,8,0,0,1,12,1,4
126,9,0,0,1,12,1,5
126,10,0,0,1,12,1,6
127,1,0,1,0,10,0,0
127,2,1,0,0,10,1,0
127,3,1,0,0,11,1,0
127,4,0,0,1,12,1,0
127,5,1,0,0,12,1,1
127,6,0,1,0,13,1,1
127,7,1,0,0,13,2,1
127,8,0,1,0,14,2,1
127,9,1,0,0,14,3,1
127,10,0,1,0,15,3,1
128,1,0,0,1,10,0,0
128,2,1,0,0,10,0,1
128,3,1,0,0,11,0,1
128,4,0,0,1,12,0,1
128,5,0,1,0,12,0,2
128,6,0,1,0,12,1,2
128,7,1,0,0,12,2,2
128,8,1,0,0,13,2,2
128,9,0,0,1,14,2,2
128,10,0,0,1,14,2,3
129,1,0,1,0,10,0,0
129,2,0,1,0,10,1,0
129,3,0,1,0,10,2,0
129,4,1,0,0,10,3,0
129,5,1,0,0,11,3,0
129,6,0,0,1,12,3,0
129,7,0,0,1,12,3,1
129,8,1,0,0,12,3,2
129,9,0,1,0,13,3,2
129,10,0,0,1,13,4,2
130,1,1,0,0,10,0,0
130,2,0,0,1,11,0,0
130,3,0,0,1,11,0,1
130,4,0,0,1,11,0,2
130,5,0,0,1,11,0,3
130,6,0,0,1,11,0,4
130,7,0,0,1,11,0,5
130,8,0,1,0,11,0,6
130,9,0,0,1,11,1,6
130,10,1,0,0,11,1,7
131,1,1,0,0,10,0,0
131,2,1,0,0,11,0,0
131,3,0,1,0,12,0,0
131,4,0,1,0,12,1,0
131,5,0,1,0,12,2,0
131,6,0,1,0,12,3,0
131,7,0,1,0,12,4,0
131,8,0,1,0,12,5,0
131,9,1,0,0,12,6,0
131,10,0,1,0,13,6,0
132,1,0,1,0,10,0,0
132,2,1,0,0,10,1,0
132,3,1,0,0,11,1,0
132,4,0,0,1,12,1,0
132,5,0,1,0,12,1,1
132,6,0,0,1,12,2,1
132,7,0,0,1,12,2,2
132,8,1,0,0,12,2,3
132,9,0,0,1,13,2,3
132,10,0,0,1,13,2,4
133,1,0,0,1,10,0,0
133,2,1,0,0,10,0,1
133,3,0,0,1,11,0,1
133,4,0,0,1,11,0,2
133,5,1,0,0,11,0,3
133,6,0,1,0,12,0,3
133,7,1,0,0,12,1,3
133,8,0,0,1,13,1,3
133,9,1,0,0,13,1,4
133,10,1,0,0,14,1,4
134,1,1,0,0,10,0,0
134,2,1,0,0,11,0,0
134,3,0,0,1,12,0,0
134,4,1,0,0,12,0,1
134,5,0,0,1,13,0,1
134,6,0,0,1,13,0,2
134,7,1,0,0,13,0,3
134,8,0,1,0,14,0,3
134,9,0,0,1,14,1,3
134,10,0,0,1,14,1,4
135,1,1,0,0,10,0,0
135,2,0,1,0,11,0,0
135,3,0,1,0,11,1,0
135,4,1,0,0,11,2,0
135,5,1,0,0,12,2,0
135,6,0,1,0,13,2,0
135,7,0,1,0,13,3,0
135,8,0,1,0,13,4,0
135,9,0,1,0,13,5,0
135,10,0,0,1,13,6,0
136,1,1,0,0,10,0,0
136,2,1,0,0,11,0,0
136,3,1,0,0,12,0,0
136,4,0,1,0,13,0,0
136,5,0,0,1,13,1,0
136,6,0,0,1,13,1,1
136,7,0,0,1,13,1,2
136,8,0,0,1,13,1,3
136,9,0,0,1,13,1,4
136,10,0,1,0,13,1,5
137,1,0,0,1,10,0,0
137,2,0,1,0,10,0,1
137,3,0,0,1,10,1,1
137,4,0,1,0,10,1,2
137,5,0,1,0,10,2,2
137,6,0,1,0,10,3,2
137,7,0,1,0,10,4,2
137,8,1,0,0,10,5,2
137,9,0,1,0,11,5,2
137,10,0,0,1,11,6,2
138,1,1,0,0,10,0,0
138,2,1,0,0,11,0,0
138,3,0,0,1,12,0,0
138,4,0,0,1,12,0,1
138,5,0,1,0,12,0,2
138,6,1,0,0,12,1,2
138,7,0,0,1,13,1,2
138,8,0,0,1,13,1,3
138,9,0,0,1,13,1,4
138,10,0,0,1,13,1,5
139,1,1,0,0,10,0,0
139,2,1,0,0,11,0,0
139,3,0,1,0,12,0,0
139,4,1,0,0,12,1,0
139,5,0,0,1,13,1,0
139,6,0,1,0,13,1,1
139,7,0,1,0,13,2,1
139,8,0,1,0,13,3,1
139,9,1,0,0,13,4,1
139,10,0,1,0,14,4,1
140,1,0,1,0,10,0,0
140,2,1,0,0,10,1,0
140,3,0,0,1,11,1,0
140,4,0,1,0,11,1,1
140,5,0,0,1,11,2,1
140,6,0,0,1,11,2,2
140,7,0,1,0,11,2,3
140,8,0,0,1,11,3,3
140,9,0,0,1,11,3,4
140,10,0,0,1,11,3,5
141,1,0,1,0,10,0,0
141,2,0,0,1,10,1,0
141,3,0,0,1,10,1,1
141,4,1,0,0,10,1,2
141,5,0,1,0,11,1,2
141,6,0,1,0,11,2,2
141,7,0,1,0,11,3,2
141,8,0,0,1,11,4,2
141,9,0,1,0,11,4,3
141,10,0,0,1,11,5,3
142,1,0,0,1,10,0,0
142,2,1,0,0,10,0,1
142,3,1,0,0,11,0,1
142,4,0,0,1,12,0,1
142,5,0,0,1,12,0,2
142,6,0,1,0,12,0,3
142,7,0,0,1,12,1,3
142,8,0,0,1,12,1,4
142,9,0,0,1,12,1,5
142,10,0,1,0,12,1,6
143,1,0,1,0,10,0,0
143,2,1,0,0,10,1,0
143,3,1,0,0,11,1,0
143,4,1,0,0,12,1,0
143,5,0,1,0,13,1,0
143,6,0,1,0,13,2,0
143,7,0,1,0,13,3,0
143,8,0,1,0,13,4,0
143,9,1,0,0,13,5,0
143,10,0,0,1,14,5,0
144,1,0,1,0,10,0,0
144,2,0,0,1,10,1,0
144,3,1,0,0,10,1,1
144,4,0,0,1,11,1,1
144,5,0,0,1,11,1,2
144,6,0,1,0,11,1,3
144,7,0,1,0,11,2,3
144,8,0,0,1,11,3,3
144,9,1,0,0,11,3,4
144,10,0,1,0,12,3,4
145,1,1,0,0,10,0,0
145,2,0,1,0,11,0,0
145,3,0,0,1,11,1,0
145,4,0,1,0,11,1,1
145,5,1,0,0,11,2,1
145,6,0,1,0,12,2,1
145,7,0,0,1,12,3,1
145,8,0,1,0,12,3,2
145,9,0,1,0,12,4,2
145,10,0,1,0,12,5,2
146,1,1,0,0,10,0,0
146,2,0,0,1,11,0,0
146,3,0,0,1,11,0,1
146,4,0,1,0,11,0,2
146,5,1,0,0,11,1,2
146,6,1,0,0,12,1,2
146,7,0,0,1,13,1,2
146,8,0,1,0,13,1,3
146,9,0,0,1,13,2,3
146,10,0,0,1,13,2,4
147,1,1,0,0,10,0,0
147,2,1,0,0,11,0,0
147,3,0,0,1,12,0,0
147,4,1,0,0,12,0,1
147,5,0,1,0,13,0,1
147,6,0,0,1,13,1,1
147,7,0,1,0,13,1,2
147,8,0,0,1,13,2,2
147,9,0,1,0,13,2,3
147,10,0,1,0,13,3,3
148,1,1,0,0,10,0,0
148,2,0,0,1,11,0,0
148,3,0,0,1,11,0,1
148,4,0,1,0,11,0,2
148,5,0,0,1,11,1,2
148,6,0,1,0,11,1,3
148,7,1,0,0,11,2,3
148,8,0,0,1,12,2,3
148,9,0,1,0,12,2,4
148,10,0,0,1,12,3,4
149,1,1,0,0,10,0,0
149,2,1,0,0,11,0,0
149,3,0,1,0,12,0,0
149,4,0,1,0,12,1,0
149,5,1,0,0,12,2,0
149,6,0,1,0,13,2,0
149,7,0,0,1,13,3,0
149,8,0,0,1,13,3,1
149,9,0,1,0,13,3,2
149,10,0,1,0,13,4,2
150,1,0,1,0,10,0,0
150,2,0,0,1,10,1,0
150,3,1,0,0,10,1,1
150,4,0,0,1,11,1,1
150,5,0,1,0,11,1,2
150,6,0,0,1,11,2,2
150,7,1,0,0,11,2,3
150,8,1,0,0,12,2,3
150,9,0,0,1,13,2,3
150,10,0,0,1,13,2,4
151,1,0,1,0,10,0,0
151,2,0,1,0,10,1,0
151,3,0,0,1,10,2,0
151,4,1,0,0,10,2,1
151,5,0,1,0,11,2,1
151,6,1,0,0,11,3,1
151,7,0,0,1,12,3,1
151,8,1,0,0,12,3,2
151,9,0,1,0,13,3,2
151,10,0,0,1,13,4,2
152,1,0,0,1,10,0,0
152,2,0,0,1,10,0,1
152,3,1,0,0,10,0,2
152,4,0,0,1,11,0,2
152,5,1,0,0,11,0,3
152,6,0,0,1,12,0,3
152,7,0,0,1,12,0,4
152,8,0,0,1,12,0,5
152,9,0,1,0,12,0,6
152,10,0,0,1,12,1,6
153,1,0,1,0,10,0,0
153,2,1,0,0,10,1,0
153,3,0,1,0,11,1,0
153,4,0,1,0,11,2,0
153,5,0,1,0,11,3,0
153,6,0,1,0,11,4,0
153,7,1,0,0,11,5,0
153,8,0,1,0,12,5,0
153,9,0,0,1,12,6,0
153,10,0,0,1,12,6,1
154,1,1,0,0,10,0,0
154,2,0,0,1,11,0,0
154,3,1,0,0,11,0,1
154,4,1,0,0,12,0,1
154,5,1,0,0,13,0,1
154,6,0,0,1,14,0,1
154,7,0,0,1,14,0,2
154,8,0,0,1,14,0,3
154,9,0,0,1,14,0,4
154,10,1,0,0,14,0,5
155,1,0,0,1,10,0,0
155,2,1,0,0,10,0,1
155,3,1,0,0,11,0,1
155,4,0,1,0,12,0,1
155,5,0,0,1,12,1,1
155,6,0,1,0,12,1,2
155,7,0,0,1,12,2,2
155,8,0,1,0,12,2,3
155,9,0,0,1,12,3,3
155,10,0,1,0,12,3,4
156,1,1,0,0,10,0,0
156,2,0,1,0,11,0,0
156,3,0,1,0,11,1,0
156,4,0,0,1,11,2,0
156,5,0,0,1,11,2,1
156,6,0,0,1,11,2,2
156,7,1,0,0,11,2,3
156,8,0,0,1,12,2,3
156,9,0,0,1,12,2,4
156,10,0,0,1,12,2,5
157,1,0,1,0,10,0,0
157,2,1,0,0,10,1,0
157,3,0,1,0,11,1,0
157,4,0,1,0,11,2,0
157,5,0,0,1,11,3,0
157,6,0,0,1,11,3,1
157,7,0,1,0,11,3,2
157,8,0,1,0,11,4,2
157,9,1,0,0,11,5,2
157,10,0,0,1,12,5,2
158,1,0,0,1,10,0,0
158,2,0,1,0,10,0,1
158,3,0,1,0,10,1,1
158,4,0,0,1,10,2,1
158,5,0,1,0,10,2,2
158,6,0,0,1,10,3,2
158,7,1,0,0,10,3,3
158,8,1,0,0,11,3,3
158,9,0,0,1,12,3,3
158,10,0,0,1,12,3,4
159,1,0,0,1,10,0,0
159,2,1,0,0,10,0,1
159,3,1,0,0,11,0,1
159,4,0,1,0,12,0,1
159,5,0,1,0,12,1,1
159,6,0,0,1,12,2,1
159,7,1,0,0,12,2,2
159,8,0,1,0,13,2,2
159,9,0,1,0,13,3,2
159,10,1,0,0,13,4,2
160,1,0,0,1,10,0,0
160,2,1,0,0,10,0,1
160,3,0,1,0,11,0,1
160,4,0,0,1,11,1,1
160,5,0,0,1,11,1,2
160,6,0,0,1,11,1,3
160,7,0,0,1,11,1,4
160,8,1,0,0,11,1,5
160,9,1,0,0,12,1,5
160,10,0,0,1,13,1,5
161,1,1,0,0,10,0,0
161,2,0,1,0,11,0,0
161,3,0,0,1,11,1,0
161,4,0,1,0,11,1,1
161,5,0,1,0,11,2,1
161,6,0,0,1,11,3,1
161,7,0,1,0,11,3,2
161,8,0,1,0,11,4,2
161,9,0,0,1,11,5,2
161,10,0,1,0,11,5,3
162,1,0,0,1,10,0,0
162,2,0,0,1,10,0,1
162,3,0,0,1,10,0,2
162,4,1,0,0,10,0,3
162,5,0,0,1,11,0,3
162,6,0,0,1,11,0,4
162,7,0,1,0,11,0,5
162,8,1,0,0,11,1,5
162,9,0,1,0,12,1,5
162,10,0,0,1,12,2,5
163,1,0,1,0,10,0,0
163,2,0,1,0,10,1,0
163,3,1,0,0,10,2,0
163,4,1,0,0,11,2,0
163,5,0,1,0,12,2,0
163,6,0,1,0,12,3,0
163,7,1,0,0,12,4,0
163,8,0,0,1,13,4,0
163,9,0,0,1,13,4,1
163,10,0,1,0,13,4,2
164,1,0,0,1,10,0,0
164,2,0,1,0,10,0,1
164,3,1,0,0,10,1,1
164,4,0,0,1,11,1,1
164,5,0,1,0,11,1,2
164,6,0,0,1,11,2,2
164,7,1,0,0,11,2,3
164,8,0,0,1,12,2,3
164,9,0,0,1,12,2,4
164,10,0,0,1,12,2,5
165,1,1,0,0,10,0,0
165,2,0,1,0,11,0,0
165,3,0,1,0,11,1,0
165,4,0,1,0,11,2,0
165,5,1,0,0,11,3,0
165,6,1,0,0,12,3,0
165,7,0,1,0,13,3,0
165,8,0,1,0,13,4,0
165,9,1,0,0,13,5,0
165,10,0,1,0,14,5,0
166,1,0,0,1,10,0,0
166,2,0,1,0,10,0,1
166,3,1,0,0,10,1,1
166,4,0,0,1,11,1,1
166,5,0,0,1,11,1,2
166,6,0,0,1,11,1,3
166,7,0,0,1,11,1,4
166,8,1,0,0,11,1,5
166,9,0,1,0,12,1,5
166,10,0,1,0,12,2,5
167,1,1,0,0,10,0,0
167,2,0,1,0,11,0,0
167,3,0,1,0,11,1,0
167,4,0,0,1,11,2,0
167,5,0,1,0,11,2,1
167,6,0,0,1,11,3,1
167,7,0,1,0,11,3,2
167,8,0,1,0,11,4,2
167,9,1,0,0,11,5,2
167,10,0,1,0,12,5,2
168,1,1,0,0,10,0,0
168,2,0,0,1,11,0,0
168,3,0,1,0,11,0,1
168,4,1,0,0,11,1,1
168,5,0,0,1,12,1,1
168,6,0,1,0,12,1,2
168,7,0,0,1,12,2,2
168,8,0,0,1,12,2,3
168,9,0,1,0,12,2,4
168,10,0,0,1,12,3,4
169,1,1,0,0,10,0,0
169,2,0,1,0,11,0,0
169,3,0,1,0,11,1,0
169,4,0,1,0,11,2,0
169,5,0,1,0,11,3,0
169,6,1,0,0,11,4,0
169,7,0,0,1,12,4,0
169,8,0,1,0,12,4,1
169,9,0,0,1,12,5,1
169,10,0,0,1,12,5,2
170,1,0,0,1,10,0,0
170,2,1,0,0,10,0,1
170,3,1,0,0,11,0,1
170,4,0,0,1,12,0,1
170,5,0,0,1,12,0,2
170,6,0,1,0,12,0,3
170,7,1,0,0,12,1,3
170,8,0,0,1,13,1,3
170,9,0,1,0,13,1,4
170,10,0,1,0,13,2,4
171,1,1,0,0,10,0,0
171,2,1,0,0,11,0,0
171,3,0,1,0,12,0,0
171,4,0,0,1,12,1,0
171,5,0,1,0,12,1,1
171,6,1,0,0,12,2,1
171,7,0,1,0,13,2,1
171,8,0,1,0,13,3,1
171,9,0,1,0,13,4,1
171,10,0,0,1,13,5,1
172,1,1,0,0,10,0,0
172,2,0,0,1,11,0,0
172,3,0,1,0,11,0,1
172,4,1,0,0,11,1,1
172,5,0,0,1,12,1,1
172,6,0,0,1,12,1,2
172,7,0,0,1,12,1,3
172,8,0,0,1,12,1,4
172,9,0,1,0,12,1,5
172,10,0,0,1,12,2,5
173,1,1,0,0,10,0,0
173,2,0,1,0,11,0,0
173,3,1,0,0,11,1,0
173,4,1,0,0,12,1,0
173,5,0,1,0,13,1,0
173,6,0,0,1,13,2,0
173,7,1,0,0,13,2,1
173,8,0,0,1,14,2,1
173,9,0,0,1,14,2,2
173,10,0,0,1,14,2,3
174,1,1,0,0,10,0,0
174,2,0,1,0,11,0,0
174,3,0,0,1,11,1,0
174,4,0,0,1,11,1,1
174,5,0,1,0,11,1,2
174,6,1,0,0,11,2,2
174,7,0,0,1,12,2,2
174,8,1,0,0,12,2,3
174,9,0,0,1,13,2,3
174,10,0,0,1,13,2,4
175,1,1,0,0,10,0,0
175,2,0,0,1,11,0,0
175,3,0,1,0,11,0,1
175,4,0,1,0,11,1,1
175,5,1,0,0,11,2,1
175,6,0,1,0,12,2,1
175,7,0,1,0,12,3,1
175,8,0,1,0,12,4,1
175,9,0,1,0,12,5,1
175,10,0,0,1,12,6,1
176,1,1,0,0,10,0,0
176,2,1,0,0,11,0,0
176,3,0,0,1,12,0,0
176,4,1,0,0,12,0,1
176,5,0,1,0,13,0,1
176,6,1,0,0,13,1,1
176,7,0,1,0,14,1,1
176,8,1,0,0,14,2,1
176,9,0,0,1,15,2,1
176,10,0,0,1,15,2,2
177,1,0,1,0,10,0,0
177,2,0,0,1,10,1,0
177,3,1,0,0,10,1,1
177,4,0,1,0,11,1,1
177,5,0,1,0,11,2,1
177,6,1,0,0,11,3,1
177,7,0,0,1,12,3,1
177,8,0,1,0,12,3,2
177,9,0,1,0,12,4,2
177,10,0,1,0,12,5,2
178,1,0,1,0,10,0,0
178,2,0,0,1,10,1,0
178,3,1,0,0,10,1,1
178,4,1,0,0,11,1,1
178,5,0,0,1,12,1,1
178,6,0,0,1,12,1,2
178,7,0,0,1,12,1,3
178,8,1,0,0,12,1,4
178,9,0,1,0,13,1,4
178,10,0,1,0,13,2,4
179,1,1,0,0,10,0,0
179,2,0,0,1,11,0,0
179,3,0,1,0,11,0,1
179,4,0,1,0,11,1,1
179,5,0,1,0,11,2,1
179,6,0,1,0,11,3,1
179,7,0,0,1,11,4,1
179,8,1,0,0,11,4,2
179,9,0,0,1,12,4,2
179,10,0,1,0,12,4,3
180,1,0,0,1,10,0,0
180,2,1,0,0,10,0,1
180,3,1,0,0,11,0,1
180,4,1,0,0,12,0,1
180,5,0,0,1,13,0,1
180,6,0,1,0,13,0,2
180,7,0,0,1,13,1,2
180,8,0,0,1,13,1,3
180,9,0,0,1,13,1,4
180,10,0,1,0,13,1,5
181,1,0,1,0,10,0,0
181,2,1,0,0,10,1,0
181,3,1,0,0,11,1,0
181,4,1,0,0,12,1,0
181,5,1,0,0,13,1,0
181,6,0,1,0,14,1,0
181,7,0,1,0,14,2,0
181,8,0,1,0,14,3,0
181,9,0,1,0,14,4,0
181,10,0,0,1,14,5,0
182,1,1,0,0,10,0,0
182,2,1,0,0,11,0,0
182,3,0,0,1,12,0,0
182,4,0,1,0,12,0,1
182,5,0,0,1,12,1,1
182,6,0,0,1,12,1,2
182,7,0,0,1,12,1,3
182,8,0,0,1,12,1,4
182,9,1,0,0,12,1,5
182,10,0,0,1,13,1,5
183,1,1,0,0,10,0,0
183,2,0,1,0,11,0,0
183,3,1,0,0,11,1,0
183,4,0,1,0,12,1,0
183,5,0,1,0,12,2,0
183,6,0,1,0,12,3,0
183,7,0,1,0,12,4,0
183,8,0,1,0,12,5,0
183,9,1,0,0,12,6,0
183,10,0,1,0,13,6,0
184,1,0,0,1,10,0,0
184,2,1,0,0,10,0,1
184,3,0,1,0,11,0,1
184,4,0,0,1,11,1,1
184,5,0,0,1,11,1,2
184,6,1,0,0,11,1,3
184,7,0,0,1,12,1,3
184,8,0,0,1,12,1,4
184,9,0,1,0,12,1,5
184,10,0,1,0,12,2,5
185,1,0,0,1,10,0,0
185,2,1,0,0,10,0,1
185,3,0,1,0,11,0,1
185,4,1,0,0,11,1,1
185,5,0,0,1,12,1,1
185,6,0,1,0,12,1,2
185,7,0,0,1,12,2,2
185,8,0,1,0,12,2,3
185,9,0,1,0,12,3,3
185,10,0,1,0,12,4,3
186,1,1,0,0,10,0,0
186,2,0,0,1,11,0,0
186,3,0,0,1,11,0,1
186,4,1,0,0,11,0,2
186,5,0,0,1,12,0,2
186,6,0,1,0,12,0,3
186,7,0,0,1,12,1,3
186,8,0,1,0,12,1,4
186,9,0,0,1,12,2,4
186,10,1,0,0,12,2,5
187,1,1,0,0,10,0,0
187,2,0,1,0,11,0,0
187,3,0,0,1,11,1,0
187,4,0,1,0,11,1,1
187,5,0,0,1,11,2,1
187,6,0,1,0,11,2,2
187,7,1,0,0,11,3,2
187,8,0,1,0,12,3,2
187,9,0,1,0,12,4,2
187,10,0,1,0,12,5,2
188,1,0,1,0,10,0,0
188,2,1,0,0,10,1,0
188,3,1,0,0,11,1,0
188,4,0,0,1,12,1,0
188,5,1,0,0,12,1,1
188,6,0,0,1,13,1,1
188,7,0,0,1,13,1,2
188,8,0,1,0,13,1,3
188,9,0,0,1,13,2,3
188,10,0,0,1,13,2,4
189,1,0,1,0,10,0,0
189,2,1,0,0,10,1,0
189,3,0,1,0,11,1,0
189,4,0,1,0,11,2,0
189,5,1,0,0,11,3,0
189,6,0,1,0,12,3,0
189,7,1,0,0,12,4,0
189,8,0,1,0,13,4,0
189,9,1,0,0,13,5,0
189,10,0,0,1,14,5,0
190,1,0,0,1,10,0,0
190,2,0,1,0,10,0,1
190,3,0,1,0,10,1,1
190,4,1,0,0,10,2,1
190,5,0,1,0,11,2,1
190,6,0,0,1,11,3,1
190,7,0,0,1,11,3,2
190,8,1,0,0,11,3,3
190,9,0,0,1,12,3,3
190,10,0,0,1,12,3,4
191,1,1,0,0,10,0,0
191,2,1,0,0,11,0,0
191,3,0,1,0,12,0,0
191,4,1,0,0,12,1,0
191,5,0,1,0,13,1,0
191,6,1,0,0,13,2,0
191,7,0,0,1,14,2,0
191,8,0,0,1,14,2,1
191,9,0,1,0,14,2,2
191,10,0,1,0,14,3,2
192,1,0,1,0,10,0,0
192,2,1,0,0,10,1,0
192,3,0,0,1,11,1,0
192,4,0,0,1,11,1,1
192,5,0,0,1,11,1,2
192,6,0,1,0,11,1,3
192,7,0,0,1,11,2,3
192,8,0,0,1,11,2,4
192,9,1,0,0,11,2,5
192,10,0,0,1,12,2,5
193,1,0,1,0,10,0,0
193,2,0,1,0,10,1,0
193,3,1,0,0,10,2,0
193,4,1,0,0,11,2,0
193,5,0,0,1,12,2,0
193,6,1,0,0,12,2,1
193,7,0,0,1,13,2,1
193,8,0,1,0,13,2,2
193,9,0,0,1,13,3,2
193,10,0,1,0,13,3,3
194,1,1,0,0,10,0,0
194,2,1,0,0,11,0,0
194,3,1,0,0,12,0,0
194,4,0,1,0,13,0,0
194,5,0,0,1,13,1,0
194,6,1,0,0,13,1,1
194,7,0,0,1,14,1,1
194,8,0,0,1,14,1,2
194,9,0,0,1,14,1,3
194,10,0,0,1,14,1,4
195,1,1,0,0,10,0,0
195,2,0,1,0,11,0,0
195,3,0,1,0,11,1,0
195,4,1,0,0,11,2,0
195,5,0,0,1,12,2,0
195,6,0,1,0,12,2,1
195,7,0,1,0,12,3,1
195,8,0,0,1,12,4,1
195,9,1,0,0,12,4,2
195,10,0,0,1,13,4,2
196,1,0,0,1,10,0,0
196,2,0,0,1,10,0,1
196,3,0,1,0,10,0,2
196,4,1,0,0,10,1,2
196,5,0,0,1,11,1,2
196,6,0,0,1,11,1,3
196,7,1,0,0,11,1,4
196,8,0,0,1,12,1,4
196,9,1,0,0,12,1,5
196,10,0,1,0,13,1,5
197,1,1,0,0,10,0,0
197,2,0,0,1,11,0,0
197,3,1,0,0,11,0,1
197,4,0,0,1,12,0,1
197,5,0,1,0,12,0,2
197,6,0,1,0,12,1,2
197,7,0,0,1,12,2,2
197,8,0,1,0,12,2,3
197,9,0,1,0,12,3,3
197,10,0,0,1,12,4,3
198,1,0,0,1,10,0,0
198,2,0,0,1,10,0,1
198,3,0,0,1,10,0,2
198,4,0,1,0,10,0,3
198,5,0,1,0,10,1,3
198,6,0,1,0,10,2,3
198,7,1,0,0,10,3,3
198,8,0,0,1,11,3,3
198,9,1,0,0,11,3,4
198,10,0,1,0,12,3,4
199,1,1,0,0,10,0,0
199,2,1,0,0,11,0,0
199,3,1,0,0,12,0,0
199,4,0,1,0,13,0,0
199,5,1,0,0,13,1,0
199,6,0,1,0,14,1,0
199,7,0,1,0,14,2,0
199,8,0,1,0,14,3,0
199,9,0,0,1,14,4,0
199,10,0,1,0,14,4,1
200,1,0,1,0,10,0,0
200,2,1,0,0,10,1,0
200,3,0,0,1,11,1,0
200,4,1,0,0,11,1,1
200,5,0,0,1,12,1,1
200,6,0,0,1,12,1,2
200,7,0,0,1,12,1,3
200,8,0,0,1,12,1,4
200,9,0,0,1,12,1,5
200,10,0,0,1,12,1,6
201,1,0,0,1,10,0,0
201,2,0,0,1,10,0,1
201,3,1,0,0,10,0,2
201,4,1,0,0,11,0,2
201,5,0,1,0,12,0,2
201,6,0,1,0,12,1,2
201,7,0,0,1,12,2,2
201,8,0,1,0,12,2,3
201,9,0,1,0,12,3,3
201,10,1,0,0,12,4,3
202,1,1,0,0,10,0,0
202,2,1,0,0,11,0,0
202,3,0,1,0,12,0,0
202,4,0,1,0,12,1,0
202,5,1,0,0,12,2,0
202,6,0,1,0,13,2,0
202,7,1,0,0,13,3,0
202,8,0,0,1,14,3,0
202,9,0,0,1,14,3,1
202,10,0,0,1,14,3,2
203,1,1,0,0,10,0,0
203,2,1,0,0,11,0,0
203,3,0,1,0,12,0,0
203,4,0,1,0,12,1,0
203,5,1,0,0,12,2,0
203,6,0,0,1,13,2,0
203,7,1,0,0,13,2,1
203,8,0,1,0,14,2,1
203,9,0,1,0,14,3,1
203,10,0,1,0,14,4,1
204,1,0,0,1,10,0,0
204,2,0,0,1,10,0,1
204,3,1,0,0,10,0,2
204,4,1,0,0,11,0,2
204,5,0,0,1,12,0,2
204,6,0,0,1,12,0,3
204,7,0,0,1,12,0,4
204,8,0,0,1,12,0,5
204,9,0,0,1,12,0,6
204,10,0,0,1,12,0,7
205,1,1,0,0,10,0,0
205,2,0,1,0,11,0,0
205,3,0,1,0,11,1,0
205,4,0,1,0,11,2,0
205,5,0,1,0,11,3,0
205,6,1,0,0,11,4,0
205,7,0,0,1,12,4,0
205,8,0,1,0,12,4,1
205,9,0,1,0,12,5,1
205,10,0,0,1,12,6,1
206,1,0,1,0,10,0,0
206,2,1,0,0,10,1,0
206,3,0,1,0,11,1,0
206,4,0,0,1,11,2,0
206,5,1,0,0,11,2,1
206,6,0,0,1,12,2,1
206,7,1,0,0,12,2,2
206,8,0,0,1,13,2,2
206,9,0,0,1,13,2,3
206,10,0,1,0,13,2,4
207,1,1,0,0,10,0,0
207,2,1,0,0,11,0,0
207,3,0,1,0,12,0,0
207,4,0,1,0,12,1,0
207,5,1,0,0,12,2,0
207,6,1,0,0,13,2,0
207,7,1,0,0,14,2,0
207,8,0,1,0,15,2,0
207,9,0,1,0,15,3,0
207,10,0,1,0,15,4,0
208,1,1,0,0,10,0,0
208,2,0,1,0,11,0,0
208,3,0,0,1,11,1,0
208,4,0,0,1,11,1,1
208,5,0,0,1,11,1,2
208,6,1,0,0,11,1,3
208,7,1,0,0,12,1,3
208,8,0,0,1,13,1,3
208,9,0,1,0,13,1,4
208,10,0,0,1,13,2,4
209,1,1,0,0,10,0,0
209,2,1,0,0,11,0,0
209,3,0,0,1,12,0,0
209,4,0,1,0,12,0,1
209,5,0,1,0,12,1,1
209,6,0,1,0,12,2,1
209,7,0,1,0,12,3,1
209,8,0,1,0,12,4,1
209,9,0,0,1,12,5,1
209,10,0,0,1,12,5,2
210,1,1,0,0,10,0,0
210,2,0,0,1,11,0,0
210,3,0,0,1,11,0,1
210,4,0,0,1,11,0,2
210,5,1,0,0,11,0,3
210,6,0,0,1,12,0,3
210,7,0,1,0,12,0,4
210,8,0,0,1,12,1,4
210,9,1,0,0,12,1,5
210,10,0,0,1,13,1,5
211,1,0,1,0,10,0,0
211,2,1,0,0,10,1,0
211,3,0,0,1,11,1,0
211,4,0,0,1,11,1,1
211,5,1,0,0,11,1,2
211,6,0,1,0,12,1,2
211,7,0,0,1,12,2,2
211,8,1,0,0,12,2,3
211,9,0,1,0,13,2,3
211,10,1,0,0,13,3,3
212,1,0,1,0,10,0,0
212,2,1,0,0,10,1,0
212,3,0,0,1,11,1,0
212,4,0,1,0,11,1,1
212,5,1,0,0,11,2,1
212,6,0,0,1,12,2,1
212,7,1,0,0,12,2,2
212,8,0,0,1,13,2,2
212,9,0,1,0,13,2,3
212,10,0,0,1,13,3,3
213,1,0,1,0,10,0,0
213,2,0,0,1,10,1,0
213,3,0,1,0,10,1,1
213,4,1,0,0,10,2,1
213,5,0,1,0,11,2,1
213,6,1,0,0,11,3,1
213,7,1,0,0,12,3,1
213,8,0,0,1,13,3,1
213,9,1,0,0,13,3,2
213,10,0,1,0,14,3,2
214,1,1,0,0,10,0,0
214,2,0,0,1,11,0,0
214,3,0,1,0,11,0,1
214,4,0,0,1,11,1,1
214,5,0,0,1,11,1,2
214,6,0,1,0,11,1,3
214,7,0,1,0,11,2,3
214,8,0,0,1,11,3,3
214,9,0,0,1,11,3,4
214,10,1,0,0,11,3,5
215,1,0,1,0,10,0,0
215,2,1,0,0,10,1,0
215,3,1,0,0,11,1,0
215,4,0,1,0,12,1,0
215,5,0,1,0,12,2,0
215,6,0,0,1,12,3,0
215,7,1,0,0,12,3,1
215,8,0,0,1,13,3,1
215,9,0,1,0,13,3,2
215,10,0,1,0,13,4,2
216,1,0,0,1,10,0,0
216,2,0,1,0,10,0,1
216,3,1,0,0,10,1,1
216,4,0,0,1,11,1,1
216,5,0,0,1,11,1,2
216,6,1,0,0,11,1,3
216,7,0,1,0,12,1,3
216,8,0,0,1,12,2,3
216,9,0,0,1,12,2,4
216,10,0,1,0,12,2,5
217,1,0,1,0,10,0,0
217,2,0,1,0,10,1,0
217,3,0,1,0,10,2,0
217,4,0,0,1,10,3,0
217,5,1,0,0,10,3,1
217,6,1,0,0,11,3,1
217,7,0,1,0,12,3,1
217,8,0,1,0,12,4,1
217,9,0,1,0,12,5,1
217,10,1,0,0,12,6,1
218,1,0,0,1,10,0,0
218,2,0,1,0,10,0,1
218,3,1,0,0,10,1,1
218,4,0,0,1,11,1,1
218,5,0,0,1,11,1,2
218,6,0,0,1,11,1,3
218,7,0,0,1,11,1,4
218,8,0,0,1,11,1,5
218,9,0,0,1,11,1,6
218,10,1,0,0,11,1,7
219,1,1,0,0,10,0,0
219,2,0,1,0,11,0,0
219,3,0,1,0,11,1,0
219,4,0,1,0,11,2,0
219,5,1,0,0,11,3,0
219,6,0,0,1,12,3,0
219,7,0,1,0,12,3,1
219,8,0,0,1,12,4,1
219,9,0,0,1,12,4,2
219,10,0,1,0,12,4,3
220,1,0,1,0,10,0,0
220,2,1,0,0,10,1,0
220,3,0,0,1,11,1,0
220,4,0,0,1,11,1,1
220,5,0,1,0,11,1,2
220,6,0,0,1,11,2,2
220,7,0,1,0,11,2,3
220,8,0,1,0,11,3,3
220,9,0,0,1,11,4,3
220,10,0,0,1,11,4,4
221,1,1,0,0,10,0,0
221,2,0,1,0,11,0,0
221,3,1,0,0,11,1,0
221,4,1,0,0,12,1,0
221,5,0,1,0,13,1,0
221,6,0,1,0,13,2,0
221,7,1,0,0,13,3,0
221,8,0,1,0,14,3,0
221,9,0,1,0,14,4,0
221,10,0,1,0,14,5,0
222,1,1,0,0,10,0,0
222,2,1,0,0,11,0,0
222,3,0,1,0,12,0,0
222,4,0,0,1,12,1,0
222,5,0,0,1,12,1,1
222,6,0,0,1,12,1,2
222,7,1,0,0,12,1,3
222,8,0,0,1,13,1,3
222,9,0,1,0,13,1,4
222,10,1,0,0,13,2,4
223,1,0,1,0,10,0,0
223,2,0,0,1,10,1,0
223,3,1,0,0,10,1,1
223,4,0,1,0,11,1,1
223,5,0,1,0,11,2,1
223,6,1,0,0,11,3,1
223,7,0,1,0,12,3,1
223,8,0,0,1,12,4,1
223,9,0,0,1,12,4,2
223,10,0,1,0,12,4,3
224,1,0,0,1,10,0,0
224,2,0,0,1,10,0,1
224,3,0,0,1,10,0,2
224,4,0,1,0,10,0,3
224,5,0,1,0,10,1,3
224,6,0,0,1,10,2,3
224,7,0,0,1,10,2,4
224,8,0,0,1,10,2,5
224,9,0,1,0,10,2,6
224,10,1,0,0,10,3,6
225,1,1,0,0,10,0,0
225,2,0,1,0,11,0,0
225,3,1,0,0,11,1,0
225,4,1,0,0,12,1,0
225,5,1,0,0,13,1,0
225,6,0,1,0,14,1,0
225,7,0,1,0,14,2,0
225,8,1,0,0,14,3,0
225,9,0,1,0,15,3,0
225,10,0,1,0,15,4,0
226,1,1,0,0,10,0,0
226,2,1,0,0,11,0,0
226,3,1,0,0,12,0,0
226,4,0,0,1,13,0,0
226,5,0,0,1,13,0,1
226,6,1,0,0,13,0,2
226,7,0,0,1,14,0,2
226,8,0,0,1,14,0,3
226,9,1,0,0,14,0,4
226,10,0,0,1,15,0,4
227,1,0,1,0,10,0,0
227,2,0,1,0,10,1,0
227,3,0,1,0,10,2,0
227,4,0,1,0,10,3,0
227,5,0,0,1,10,4,0
227,6,1,0,0,10,4,1
227,7,0,1,0,11,4,1
227,8,0,0,1,11,5,1
227,9,0,0,1,11,5,2
227,10,0,0,1,11,5,3
228,1,1,0,0,10,0,0
228,2,1,0,0,11,0,0
228,3,0,0,1,12,0,0
228,4,0,1,0,12,0,1
228,5,1,0,0,12,1,1
228,6,0,0,1,13,1,1
228,7,0,0,1,13,1,2
228,8,1,0,0,13,1,3
228,9,0,0,1,14,1,3
228,10,0,0,1,14,1,4
229,1,0,0,1,10,0,0
229,2,0,0,1,10,0,1
229,3,1,0,0,10,0,2
229,4,0,0,1,11,0,2
229,5,0,0,1,11,0,3
229,6,0,1,0,11,0,4
229,7,1,0,0,11,1,4
229,8,0,1,0,12,1,4
229,9,0,1,0,12,2,4
229,10,0,1,0,12,3,4
230,1,0,0,1,10,0,0
230,2,0,1,0,10,0,1
230,3,0,1,0,10,1,1
230,4,0,0,1,10,2,1
230,5,1,0,0,10,2,2
230,6,0,1,0,11,2,2
230,7,1,0,0,11,3,2
230,8,0,0,1,12,3,2
230,9,1,0,0,12,3,3
230,10,0,1,0,13,3,3
231,1,1,0,0,10,0,0
231,2,1,0,0,11,0,0
231,3,0,1,0,12,0,0
231,4,0,0,1,12,1,0
231,5,0,1,0,12,1,1
231,6,0,1,0,12,2,1
231,7,0,1,0,12,3,1
231,8,1,0,0,12,4,1
231,9,0,0,1,13,4,1
231,10,0,1,0,13,4,2
232,1,1,0,0,10,0,0
232,2,0,0,1,11,0,0
232,3,0,1,0,11,0,1
232,4,0,0,1,11,1,1
232,5,1,0,0,11,1,2
232,6,1,0,0,12,1,2
232,7,0,1,0,13,1,2
232,8,0,0,1,13,2,2
232,9,1,0,0,13,2,3
232,10,0,0,1,14,2,3
233,1,0,1,0,10,0,0
233,2,0,1,0,10,1,0
233,3,1,0,0,10,2,0
233,4,1,0,0,11,2,0
233,5,0,1,0,12,2,0
233,6,0,0,1,12,3,0
233,7,0,1,0,12,3,1
233,8,1,0,0,12,4,1
233,9,0,1,0,13,4,1
233,10,0,0,1,13,5,1
234,1,0,0,1,10,0,0
234,2,1,0,0,10,0,1
234,3,0,0,1,11,0,1
234,4,0,0,1,11,0,2
234,5,1,0,0,11,0,3
234,6,1,0,0,12,0,3
234,7,0,1,0,13,0,3
234,8,0,1,0,13,1,3
234,9,0,0,1,13,2,3
234,10,0,0,1,13,2,4
235,1,1,0,0,10,0,0
235,2,0,1,0,11,0,0
235,3,1,0,0,11,1,0
235,4,0,0,1,12,1,0
235,5,0,1,0,12,1,1
235,6,0,1,0,12,2,1
235,7,0,1,0,12,3,1
235,8,1,0,0,12,4,1
235,9,0,1,0,13,4,1
235,10,1,0,0,13,5,1
236,1,1,0,0,10,0,0
236,2,0,0,1,11,0,0
236,3,0,0,1,11,0,1
236,4,1,0,0,11,0,2
236,5,0,0,1,12,0,2
236,6,0,0,1,12,0,3
236,7,0,0,1,12,0,4
236,8,0,1,0,12,0,5
236,9,1,0,0,12,1,5
236,10,1,0,0,13,1,5
237,1,0,1,0,10,0,0
237,2,0,1,0,10,1,0
237,3,0,1,0,10,2,0
237,4,0,1,0,10,3,0
237,5,1,0,0,10,4,0
237,6,0,1,0,11,4,0
237,7,0,1,0,11,5,0
237,8,0,1,0,11,6,0
237,9,1,0,0,11,7,0
237,10,1,0,0,12,7,0
238,1,0,0,1,10,0,0
238,2,1,0,0,10,0,1
238,3,0,0,1,11,0,1
238,4,0,1,0,11,0,2
238,5,0,0,1,11,1,2
238,6,0,1,0,11,1,3
238,7,0,0,1,11,2,3
238,8,0,0,1,11,2,4
238,9,1,0,0,11,2,5
238,10,1,0,0,12,2,5
239,1,1,0,0,10,0,0
239,2,1,0,0,11,0,0
239,3,0,1,0,12,0,0
239,4,1,0,0,12,1,0
239,5,0,1,0,13,1,0
239,6,0,1,0,13,2,0
239,7,0,1,0,13,3,0
239,8,0,1,0,13,4,0
239,9,0,0,1,13,5,0
239,10,0,1,0,13,5,1
240,1,1,0,0,10,0,0
240,2,0,1,0,11,0,0
240,3,0,0,1,11,1,0
240,4,1,0,0,11,1,1
240,5,0,0,1,12,1,1
240,6,0,1,0,12,1,2
240,7,0,1,0,12,2,2
240,8,0,0,1,12,3,2
240,9,0,0,1,12,3,3
240,10,0,1,0,12,3,4
241,1,0,1,0,10,0,0
241,2,0,1,0,10,1,0
241,3,0,1,0,10,2,0
241,4,1,0,0,10,3,0
241,5,1,0,0,11,3,0
241,6,0,1,0,12,3,0
241,7,0,1,0,12,4,0
241,8,0,1,0,12,5,0
241,9,0,1,0,12,6,0
241,10,0,1,0,12,7,0
242,1,1,0,0,10,0,0
242,2,0,0,1,11,0,0
242,3,0,0,1,11,0,1
242,4,1,0,0,11,0,2
242,5,0,0,1,12,0,2
242,6,1,0,0,12,0,3
242,7,1,0,0,13,0,3
242,8,0,0,1,14,0,3
242,9,0,0,1,14,0,4
242,10,0,0,1,14,0,5
243,1,0,0,1,10,0,0
243,2,1,0,0,10,0,1
243,3,0,1,0,11,0,1
243,4,1,0,0,11,1,1
243,5,1,0,0,12,1,1
243,6,1,0,0,13,1,1
243,7,1,0,0,14,1,1
243,8,0,1,0,15,1,1
243,9,0,1,0,15,2,1
243,10,0,1,0,15,3,1
244,1,1,0,0,10,0,0
244,2,0,1,0,11,0,0
244,3,0,0,1,11,1,0
244,4,1,0,0,11,1,1
244,5,1,0,0,12,1,1
244,6,0,1,0,13,1,1
244,7,0,1,0,13,2,1
244,8,1,0,0,13,3,1
244,9,0,0,1,14,3,1
244,10,0,0,1,14,3,2
245,1,1,0,0,10,0,0
245,2,1,0,0,11,0,0
245,3,0,0,1,12,0,0
245,4,1,0,0,12,0,1
245,5,0,1,0,13,0,1
245,6,0,1,0,13,1,1
245,7,0,1,0,13,2,1
245,8,0,1,0,13,3,1
245,9,0,1,0,13,4,1
245,10,0,0,1,13,5,1
246,1,0,1,0,10,0,0
246,2,1,0,0,10,1,0
246,3,1,0,0,11,1,0
246,4,0,0,1,12,1,0
246,5,0,1,0,12,1,1
246,6,0,0,1,12,2,1
246,7,0,1,0,12,2,2
246,8,0,0,1,12,3,2
246,9,0,1,0,12,3,3
246,10,1,0,0,12,4,3
247,1,0,0,1,10,0,0
247,2,0,0,1,10,0,1
247,3,1,0,0,10,0,2
247,4,1,0,0,11,0,2
247,5,0,1,0,12,0,2
247,6,1,0,0,12,1,2
247,7,0,1,0,13,1,2
247,8,0,0,1,13,2,2
247,9,0,1,0,13,2,3
247,10,0,1,0,13,3,3
248,1,0,0,1,10,0,0
248,2,0,0,1,10,0,1
248,3,1,0,0,10,0,2
248,4,0,1,0,11,0,2
248,5,1,0,0,11,1,2
248,6,0,0,1,12,1,2
248,7,0,0,1,12,1,3
248,8,0,0,1,12,1,4
248,9,0,1,0,12,1,5
248,10,0,0,1,12,2,5
249,1,1,0,0,10,0,0
249,2,0,1,0,11,0,0
249,3,0,1,0,11,1,0
249,4,0,0,1,11,2,0
249,5,1,0,0,11,2,1
249,6,1,0,0,12,2,1
249,7,0,1,0,13,2,1
249,8,0,1,0,13,3,1
249,9,1,0,0,13,4,1
249,10,0,1,0,14,4,1
250,1,0,1,0,10,0,0
250,2,0,0,1,10,1,0
250,3,0,0,1,10,1,1
250,4,1,0,0,10,1,2
250,5,0,0,1,11,1,2
250,6,0,0,1,11,1,3
250,7,0,1,0,11,1,4
250,8,0,1,0,11,2,4
250,9,1,0,0,11,3,4
250,10,0,0,1,12,3,4
251,1,1,0,0,10,0,0
251,2,0,1,0,11,0,0
251,3,1,0,0,11,1,0
251,4,0,1,0,12,1,0
251,5,0,1,0,12,2,0
251,6,0,1,0,12,3,0
251,7,1,0,0,12,4,0
251,8,0,1,0,13,4,0
251,9,0,0,1,13,5,0
251,10,0,1,0,13,5,1
252,1,0,0,1,10,0,0
252,2,1,0,0,10,0,1
252,3,0,0,1,11,0,1
252,4,0,1,0,11,0,2
252,5,1,0,0,11,1,2
252,6,0,0,1,12,1,2
252,7,0,1,0,12,1,3
252,8,0,0,1,12,2,3
252,9,0,1,0,12,2,4
252,10,0,1,0,12,3,4
253,1,0,1,0,10,0,0
253,2,0,1,0,10,1,0
253,3,0,0,1,10,2,0
253,4,0,1,0,10,2,1
253,5,0,1,0,10,3,1
253,6,0,1,0,10,4,1
253,7,1,0,0,10,5,1
253,8,0,0,1,11,5,1
253,9,1,0,0,11,5,2
253,10,1,0,0,12,5,2
254,1,1,0,0,10,0,0
254,2,0,0,1,11,0,0
254,3,0,1,0,11,0,1
254,4,1,0,0,11,1,1
254,5,0,0,1,12,1,1
254,6,0,0,1,12,1,2
254,7,0,0,1,12,1,3
254,8,1,0,0,12,1,4
254,9,0,0,1,13,1,4
254,10,0,1,0,13,1,5
255,1,0,1,0,10,0,0
255,2,1,0,0,10,1,0
255,3,0,1,0,11,1,0
255,4,0,0,1,11,2,0
255,5,1,0,0,11,2,1
255,6,0,1,0,12,2,1
255,7,1,0,0,12,3,1
255,8,0,1,0,13,3,1
255,9,1,0,0,13,4,1
255,10,0,1,0,14,4,1
256,1,1,0,0,10,0,0
256,2,0,1,0,11,0,0
256,3,0,0,1,11,1,0
256,4,0,1,0,11,1,1
256,5,1,0,0,11,2,1
256,6,0,0,1,12,2,1
256,7,0,0,1,12,2,2
256,8,0,0,1,12,2,3
256,9,0,0,1,12,2,4
256,10,0,0,1,12,2,5
257,1,1,0,0,10,0,0
257,2,0,0,1,11,0,0
257,3,1,0,0,11,0,1
257,4,0,1,0,12,0,1
257,5,0,1,0,12,1,1
257,6,0,1,0,12,2,1
257,7,0,0,1,12,3,1
257,8,0,0,1,12,3,2
257,9,1,0,0,12,3,3
257,10,1,0,0,13,3,3
258,1,0,0,1,10,0,0
258,2,0,1,0,10,0,1
258,3,0,1,0,10,1,1
258,4,1,0,0,10,2,1
258,5,1,0,0,11,2,1
258,6,0,0,1,12,2,1
258,7,0,0,1,12,2,2
258,8,0,0,1,12,2,3
258,9,0,0,1,12,2,4
258,10,0,0,1,12,2,5
259,1,0,1,0,10,0,0
259,2,0,1,0,10,1,0
259,3,1,0,0,10,2,0
259,4,1,0,0,11,2,0
259,5,1,0,0,12,2,0
259,6,0,1,0,13,2,0
259,7,1,0,0,13,3,0
259,8,0,1,0,14,3,0
259,9,1,0,0,14,4,0
259,10,0,1,0,15,4,0
260,1,1,0,0,10,0,0
260,2,0,0,1,11,0,0
260,3,1,0,0,11,0,1
260,4,1,0,0,12,0,1
260,5,0,1,0,13,0,1
260,6,1,0,0,13,1,1
260,7,0,0,1,14,1,1
260,8,0,0,1,14,1,2
260,9,0,0,1,14,1,3
260,10,0,0,1,14,1,4
261,1,0,1,0,10,0,0
261,2,1,0,0,10,1,0
261,3,0,1,0,11,1,0
261,4,0,0,1,11,2,0
261,5,0,1,0,11,2,1
261,6,0,1,0,11,3,1
261,7,0,0,1,11,4,1
261,8,0,1,0,11,4,2
261,9,1,0,0,11,5,2
261,10,0,1,0,12,5,2
262,1,0,1,0,10,0,0
262,2,1,0,0,10,1,0
262,3,0,0,1,11,1,0
262,4,1,0,0,11,1,1
262,5,0,0,1,12,1,1
262,6,0,0,1,12,1,2
262,7,0,0,1,12,1,3
262,8,0,1,0,12,1,4
262,9,0,1,0,12,2,4
262,10,1,0,0,12,3,4
263,1,1,0,0,10,0,0
263,2,1,0,0,11,0,0
263,3,1,0,0,12,0,0
263,4,0,1,0,13,0,0
263,5,0,1,0,13,1,0
263,6,0,1,0,13,2,0
263,7,0,1,0,13,3,0
263,8,1,0,0,13,4,0
263,9,0,0,1,14,4,0
263,10,0,1,0,14,4,1
264,1,1,0,0,10,0,0
264,2,0,0,1,11,0,0
264,3,1,0,0,11,0,1
264,4,0,0,1,12,0,1
264,5,0,0,1,12,0,2
264,6,0,0,1,12,0,3
264,7,1,0,0,12,0,4
264,8,0,0,1,13,0,4
264,9,0,0,1,13,0,5
264,10,0,0,1,13,0,6
265,1,1,0,0,10,0,0
265,2,0,0,1,11,0,0
265,3,0,1,0,11,0,1
265,4,0,1,0,11,1,1
265,5,0,1,0,11,2,1
265,6,0,1,0,11,3,1
265,7,1,0,0,11,4,1
265,8,0,1,0,12,4,1
265,9,0,0,1,12,5,1
265,10,0,1,0,12,5,2
266,1,1,0,0,10,0,0
266,2,1,0,0,11,0,0
266,3,0,0,1,12,0,0
266,4,1,0,0,12,0,1
266,5,0,0,1,13,0,1
266,6,0,1,0,13,0,2
266,7,0,0,1,13,1,2
266,8,0,1,0,13,1,3
266,9,0,0,1,13,2,3
266,10,0,1,0,13,2,4
267,1,0,0,1,10,0,0
267,2,1,0,0,10,0,1
267,3,1,0,0,11,0,1
267,4,1,0,0,12,0,1
267,5,0,1,0,13,0,1
267,6,0,1,0,13,1,1
267,7,0,1,0,13,2,1
267,8,0,1,0,13,3,1
267,9,0,1,0,13,4,1
267,10,0,0,1,13,5,1
268,1,0,0,1,10,0,0
268,2,0,0,1,10,0,1
268,3,1,0,0,10,0,2
268,4,0,0,1,11,0,2
268,5,0,0,1,11,0,3
268,6,1,0,0,11,0,4
268,7,0,0,1,12,0,4
268,8,1,0,0,12,0,5
268,9,0,1,0,13,0,5
268,10,0,0,1,13,1,5
269,1,0,1,0,10,0,0
269,2,0,1,0,10,1,0
269,3,1,0,0,10,2,0
269,4,1,0,0,11,2,0
269,5,0,1,0,12,2,0
269,6,0,0,1,12,3,0
269,7,0,1,0,12,3,1
269,8,0,1,0,12,4,1
269,9,0,1,0,12,5,1
269,10,0,0,1,12,6,1
270,1,0,0,1,10,0,0
270,2,1,0,0,10,0,1
270,3,0,1,0,11,0,1
270,4,0,0,1,11,1,1
270,5,1,0,0,11,1,2
270,6,0,0,1,12,1,2
270,7,1,0,0,12,1,3
270,8,0,0,1,13,1,3
270,9,0,1,0,13,1,4
270,10,0,0,1,13,2,4
271,1,1,0,0,10,0,0
271,2,1,0,0,11,0,0
271,3,1,0,0,12,0,0
271,4,0,1,0,13,0,0
271,5,1,0,0,13,1,0
271,6,0,1,0,14,1,0
271,7,0,1,0,14,2,0
271,8,0,1,0,14,3,0
271,9,1,0,0,14,4,0
271,10,0,1,0,15,4,0
272,1,1,0,0,10,0,0
272,2,1,0,0,11,0,0
272,3,0,0,1,12,0,0
272,4,0,1,0,12,0,1
272,5,1,0,0,12,1,1
272,6,0,0,1,13,1,1
272,7,0,0,1,13,1,2
272,8,0,0,1,13,1,3
272,9,0,0,1,13,1,4
272,10,0,1,0,13,1,5
273,1,0,1,0,10,0,0
273,2,1,0,0,10,1,0
273,3,0,1,0,11,1,0
273,4,0,1,0,11,2,0
273,5,1,0,0,11,3,0
273,6,0,1,0,12,3,0
273,7,0,1,0,12,4,0
273,8,0,1,0,12,5,0
273,9,0,1,0,12,6,0
273,10,0,0,1,12,7,0
274,1,0,1,0,10,0,0
274,2,0,0,1,10,1,0
274,3,0,1,0,10,1,1
274,4,0,1,0,10,2,1
274,5,0,0,1,10,3,1
274,6,0,0,1,10,3,2
274,7,1,0,0,10,3,3
274,8,0,1,0,11,3,3
274,9,0,0,1,11,4,3
274,10,0,0,1,11,4,4
275,1,1,0,0,10,0,0
275,2,0,0,1,11,0,0
275,3,1,0,0,11,0,1
275,4,0,1,0,12,0,1
275,5,0,1,0,12,1,1
275,6,1,0,0,12,2,1
275,7,1,0,0,13,2,1
275,8,0,1,0,14,2,1
275,9,0,1,0,14,3,1
275,10,0,1,0,14,4,1
276,1,0,1,0,10,0,0
276,2,0,0,1,10,1,0
276,3,0,0,1,10,1,1
276,4,1,0,0,10,1,2
276,5,1,0,0,11,1,2
276,6,1,0,0,12,1,2
276,7,1,0,0,13,1,2
276,8,1,0,0,14,1,2
276,9,0,1,0,15,1,2
276,10,0,1,0,15,2,2
277,1,1,0,0,10,0,0
277,2,0,1,0,11,0,0
277,3,0,1,0,11,1,0
277,4,0,1,0,11,2,0
277,5,0,0,1,11,3,0
277,6,0,0,1,11,3,1
277,7,1,0,0,11,3,2
277,8,0,0,1,12,3,2
277,9,0,0,1,12,3,3
277,10,0,1,0,12,3,4
278,1,1,0,0,10,0,0
278,2,0,0,1,11,0,0
278,3,1,0,0,11,0,1
278,4,0,0,1,12,0,1
278,5,0,1,0,12,0,2
278,6,0,0,1,12,1,2
278,7,0,1,0,12,1,3
278,8,0,0,1,12,2,3
278,9,0,1,0,12,2,4
278,10,0,0,1,12,3,4
279,1,0,1,0,10,0,0
279,2,1,0,0,10,1,0
279,3,1,0,0,11,1,0
279,4,0,0,1,12,1,0
279,5,0,1,0,12,1,1
279,6,0,0,1,12,2,1
279,7,0,1,0,12,2,2
279,8,0,1,0,12,3,2
279,9,0,1,0,12,4,2
279,10,0,1,0,12,5,2
280,1,0,1,0,10,0,0
280,2,0,1,0,10,1,0
280,3,0,0,1,10,2,0
280,4,1,0,0,10,2,1
280,5,0,0,1,11,2,1
280,6,0,0,1,11,2,2
280,7,0,1,0,11,2,3
280,8,0,0,1,11,3,3
280,9,1,0,0,11,3,4
280,10,0,1,0,12,3,4
281,1,1,0,0,10,0,0
281,2,0,1,0,11,0,0
281,3,1,0,0,11,1,0
281,4,0,1,0,12,1,0
281,5,0,1,0,12,2,0
281,6,0,0,1,12,3,0
281,7,0,0,1,12,3,1
281,8,0,1,0,12,3,2
281,9,0,1,0,12,4,2
281,10,0,1,0,12,5,2
282,1,1,0,0,10,0,0
282,2,0,0,1,11,0,0
282,3,0,0,1,11,0,1
282,4,0,0,1,11,0,2
282,5,0,0,1,11,0,3
282,6,1,0,0,11,0,4
282,7,0,0,1,12,0,4
282,8,0,0,1,12,0,5
282,9,0,0,1,12,0,6
282,10,0,0,1,12,0,7
283,1,0,1,0,10,0,0
283,2,0,1,0,10,1,0
283,3,0,0,1,10,2,0
283,4,1,0,0,10,2,1
283,5,0,1,0,11,2,1
283,6,1,0,0,11,3,1
283,7,1,0,0,12,3,1
283,8,1,0,0,13,3,1
283,9,0,1,0,14,3,1
283,10,0,1,0,14,4,1
284,1,1,0,0,10,0,0
284,2,0,0,1,11,0,0
284,3,1,0,0,11,0,1
284,4,0,0,1,12,0,1
284,5,0,1,0,12,0,2
284,6,0,0,1,12,1,2
284,7,0,0,1,12,1,3
284,8,0,0,1,12,1,4
284,9,0,0,1,12,1,5
284,10,0,1,0,12,1,6
285,1,0,1,0,10,0,0
285,2,1,0,0,10,1,0
285,3,0,1,0,11,1,0
285,4,0,0,1,11,2,0
285,5,0,1,0,11,2,1
285,6,0,0,1,11,3,1
285,7,0,0,1,11,3,2
285,8,0,1,0,11,3,3
285,9,1,0,0,11,4,3
285,10,0,1,0,12,4,3
286,1,0,0,1,10,0,0
286,2,0,0,1,10,0,1
286,3,0,1,0,10,0,2
286,4,0,0,1,10,1,2
286,5,0,1,0,10,1,3
286,6,1,0,0,10,2,3
286,7,0,0,1,11,2,3
286,8,0,1,0,11,2,4
286,9,0,0,1,11,3,4
286,10,1,0,0,11,3,5
287,1,1,0,0,10,0,0
287,2,0,1,0,11,0,0
287,3,0,0,1,11,1,0
287,4,1,0,0,11,1,1
287,5,1,0,0,12,1,1
287,6,0,1,0,13,1,1
287,7,0,1,0,13,2,1
287,8,1,0,0,13,3,1
287,9,0,1,0,14,3,1
287,10,0,0,1,14,4,1
288,1,1,0,0,10,0,0
288,2,1,0,0,11,0,0
288,3,0,1,0,12,0,0
288,4,0,0,1,12,1,0
288,5,1,0,0,12,1,1
288,6,0,1,0,13,1,1
288,7,0,0,1,13,2,1
288,8,0,1,0,13,2,2
288,9,0,0,1,13,3,2
288,10,0,0,1,13,3,3
289,1,1,0,0,10,0,0
289,2,0,1,0,11,0,0
289,3,1,0,0,11,1,0
289,4,0,0,1,12,1,0
289,5,0,1,0,12,1,1
289,6,0,1,0,12,2,1
289,7,1,0,0,12,3,1
289,8,1,0,0,13,3,1
289,9,0,1,0,14,3,1
289,10,0,1,0,14,4,1
290,1,0,0,1,10,0,0
290,2,1,0,0,10,0,1
290,3,0,0,1,11,0,1
290,4,1,0,0,11,0,2
290,5,0,0,1,12,0,2
290,6,0,0,1,12,0,3
290,7,0,1,0,12,0,4
290,8,0,0,1,12,1,4
290,9,1,0,0,12,1,5
290,10,0,0,1,13,1,5
291,1,0,1,0,10,0,0
291,2,0,1,0,10,1,0
291,3,0,1,0,10,2,0
291,4,0,1,0,10,3,0
291,5,1,0,0,10,4,0
291,6,1,0,0,11,4,0
291,7,0,1,0,12,4,0
291,8,0,0,1,12,5,0
291,9,0,1,0,12,5,1
291,10,0,0,1,12,6,1
292,1,0,0,1,10,0,0
292,2,1,0,0,10,0,1
292,3,0,0,1,11,0,1
292,4,1,0,0,11,0,2
292,5,1,0,0,12,0,2
292,6,0,0,1,13,0,2
292,7,0,0,1,13,0,3
292,8,0,1,0,13,0,4
292,9,0,0,1,13,1,4
292,10,0,1,0,13,1,5
293,1,0,1,0,10,0,0
293,2,1,0,0,10,1,0
293,3,0,1,0,11,1,0
293,4,0,0,1,11,2,0
293,5,0,1,0,11,2,1
293,6,1,0,0,11,3,1
293,7,0,0,1,12,3,1
293,8,0,1,0,12,3,2
293,9,0,1,0,12,4,2
293,10,0,1,0,12,5,2
294,1,1,0,0,10,0,0
294,2,0,0,1,11,0,0
294,3,0,0,1,11,0,1
294,4,0,1,0,11,0,2
294,5,1,0,0,11,1,2
294,6,0,1,0,12,1,2
294,7,0,0,1,12,2,2
294,8,0,0,1,12,2,3
294,9,0,0,1,12,2,4
294,10,0,1,0,12,2,5
295,1,0,1,0,10,0,0
295,2,1,0,0,10,1,0
295,3,1,0,0,11,1,0
295,4,1,0,0,12,1,0
295,5,0,0,1,13,1,0
295,6,1,0,0,13,1,1
295,7,0,0,1,14,1,1
295,8,0,1,0,14,1,2
295,9,1,0,0,14,2,2
295,10,0,1,0,15,2,2
296,1,1,0,0,10,0,0
296,2,0,0,1,11,0,0
296,3,0,0,1,11,0,1
296,4,0,0,1,11,0,2
296,5,0,0,1,11,0,3
296,6,1,0,0,11,0,4
296,7,0,0,1,12,0,4
296,8,1,0,0,12,0,5
296,9,0,0,1,13,0,5
296,10,0,0,1,13,0,6
297,1,0,1,0,10,0,0
297,2,0,1,0,10,1,0
297,3,0,1,0,10,2,0
297,4,0,0,1,10,3,0
297,5,0,0,1,10,3,1
297,6,0,1,0,10,3,2
297,7,1,0,0,10,4,2
297,8,1,0,0,11,4,2
297,9,0,1,0,12,4,2
297,10,0,0,1,12,5,2
298,1,1,0,0,10,0,0
298,2,1,0,0,11,0,0
298,3,1,0,0,12,0,0
298,4,0,0,1,13,0,0
298,5,1,0,0,13,0,1
298,6,0,0,1,14,0,1
298,7,0,0,1,14,0,2
298,8,0,0,1,14,0,3
298,9,1,0,0,14,0,4
298,10,0,0,1,15,0,4
299,1,1,0,0,10,0,0
299,2,1,0,0,11,0,0
299,3,1,0,0,12,0,0
299,4,0,1,0,13,0,0
299,5,0,1,0,13,1,0
299,6,1,0,0,13,2,0
299,7,0,1,0,14,2,0
299,8,0,1,0,14,3,0
299,9,0,1,0,14,4,0
299,10,0,1,0,14,5,0
300,1,0,0,1,10,0,0
300,2,1,0,0,10,0,1
300,3,0,0,1,11,0,1
300,4,1,0,0,11,0,2
300,5,1,0,0,12,0,2
300,6,0,0,1,13,0,2
300,7,0,0,1,13,0,3
300,8,1,0,0,13,0,4
300,9,0,0,1,14,0,4
300,10,1,0,0,14,0,5
301,1,1,0,0,10,0,0
301,2,0,0,1,11,0,0
301,3,0,1,0,11,0,1
301,4,1,0,0,11,1,1
301,5,0,1,0,12,1,1
301,6,1,0,0,12,2,1
301,7,0,1,0,13,2,1
301,8,0,1,0,13,3,1
301,9,0,1,0,13,4,1
301,10,0,0,1,13,5,1
302,1,1,0,0,10,0,0
302,2,0,0,1,11,0,0
302,3,0,1,0,11,0,1
302,4,0,0,1,11,1,1
302,5,0,0,1,11,1,2
302,6,0,1,0,11,1,3
302,7,0,0,1,11,2,3
302,8,0,0,1,11,2,4
302,9,0,1,0,11,2,5
302,10,1,0,0,11,3,5
303,1,1,0,0,10,0,0
303,2,0,1,0,11,0,0
303,3,0,1,0,11,1,0
303,4,0,1,0,11,2,0
303,5,0,1,0,11,3,0
303,6,1,0,0,11,4,0
303,7,0,0,1,12,4,0
303,8,0,0,1,12,4,1
303,9,0,1,0,12,4,2
303,10,0,0,1,12,5,2
304,1,0,0,1,10,0,0
304,2,1,0,0,10,0,1
304,3,1,0,0,11,0,1
304,4,0,0,1,12,0,1
304,5,0,0,1,12,0,2
304,6,1,0,0,12,0,3
304,7,0,0,1,13,0,3
304,8,0,1,0,13,0,4
304,9,0,0,1,13,1,4
304,10,0,1,0,13,1,5
305,1,1,0,0,10,0,0
305,2,1,0,0,11,0,0
305,3,1,0,0,12,0,0
305,4,1,0,0,13,0,0
305,5,0,1,0,14,0,0
305,6,0,0,1,14,1,0
305,7,0,1,0,14,1,1
305,8,0,1,0,14,2,1
305,9,0,1,0,14,3,1
305,10,0,1,0,14,4,1
306,1,0,0,1,10,0,0
306,2,1,0,0,10,0,1
306,3,0,0,1,11,0,1
306,4,0,0,1,11,0,2
306,5,0,0,1,11,0,3
306,6,0,1,0,11,0,4
306,7,0,0,1,11,1,4
306,8,0,0,1,11,1,5
306,9,1,0,0,11,1,6
306,10,0,1,0,12,1,6
307,1,0,1,0,10,0,0
307,2,1,0,0,10,1,0
307,3,0,1,0,11,1,0
307,4,0,1,0,11,2,0
307,5,1,0,0,11,3,0
307,6,0,1,0,12,3,0
307,7,0,1,0,12,4,0
307,8,0,1,0,12,5,0
307,9,0,1,0,12,6,0
307,10,0,1,0,12,7,0
308,1,0,0,1,10,0,0
308,2,1,0,0,10,0,1
308,3,0,1,0,11,0,1
308,4,0,0,1,11,1,1
308,5,0,1,0,11,1,2
308,6,0,0,1,11,2,2
308,7,0,1,0,11,2,3
308,8,0,0,1,11,3,3
308,9,0,0,1,11,3,4
308,10,1,0,0,11,3,5
309,1,0,0,1,10,0,0
309,2,0,1,0,10,0,1
309,3,0,1,0,10,1,1
309,4,0,0,1,10,2,1
309,5,0,1,0,10,2,2
309,6,0,1,0,10,3,2
309,7,1,0,0,10,4,2
309,8,0,1,0,11,4,2
309,9,0,1,0,11,5,2
309,10,1,0,0,11,6,2
310,1,0,0,1,10,0,0
310,2,0,0,1,10,0,1
310,3,1,0,0,10,0,2
310,4,1,0,0,11,0,2
310,5,0,0,1,12,0,2
310,6,1,0,0,12,0,3
310,7,0,0,1,13,0,3
310,8,0,0,1,13,0,4
310,9,0,0,1,13,0,5
310,10,0,0,1,13,0,6
311,1,0,0,1,10,0,0
311,2,1,0,0,10,0,1
311,3,0,0,1,11,0,1
311,4,1,0,0,11,0,2
311,5,0,1,0,12,0,2
311,6,0,1,0,12,1,2
311,7,0,1,0,12,2,2
311,8,1,0,0,12,3,2
311,9,0,1,0,13,3,2
311,10,0,1,0,13,4,2
312,1,0,1,0,10,0,0
312,2,0,0,1,10,1,0
312,3,1,0,0,10,1,1
312,4,0,0,1,11,1,1
312,5,1,0,0,11,1,2
312,6,0,0,1,12,1,2
312,7,1,0,0,12,1,3
312,8,0,0,1,13,1,3
312,9,0,1,0,13,1,4
312,10,0,0,1,13,2,4
313,1,0,1,0,10,0,0
313,2,0,0,1,10,1,0
313,3,0,1,0,10,1,1
313,4,1,0,0,10,2,1
313,5,1,0,0,11,2,1
313,6,0,1,0,12,2,1
313,7,1,0,0,12,3,1
313,8,0,0,1,13,3,1
313,9,0,1,0,13,3,2
313,10,0,1,0,13,4,2
314,1,1,0,0,10,0,0
314,2,0,0,1,11,0,0
314,3,0,1,0,11,0,1
314,4,0,0,1,11,1,1
314,5,0,0,1,11,1,2
314,6,0,0,1,11,1,3
314,7,0,1,0,11,1,4
314,8,0,0,1,11,2,4
314,9,0,1,0,11,2,5
314,10,1,0,0,11,3,5
315,1,0,0,1,10,0,0
315,2,0,1,0,10,0,1
315,3,0,0,1,10,1,1
315,4,0,0,1,10,1,2
315,5,0,1,0,10,1,3
315,6,0,1,0,10,2,3
315,7,1,0,0,10,3,3
315,8,0,1,0,11,3,3
315,9,0,1,0,11,4,3
315,10,0,0,1,11,5,3
316,1,0,0,1,10,0,0
316,2,0,0,1,10,0,1
316,3,0,1,0,10,0,2
316,4,1,0,0,10,1,2
316,5,0,1,0,11,1,2
316,6,0,0,1,11,2,2
316,7,1,0,0,11,2,3
316,8,1,0,0,12,2,3
316,9,0,0,1,13,2,3
316,10,0,0,1,13,2,4
317,1,1,0,0,10,0,0
317,2,0,0,1,11,0,0
317,3,0,1,0,11,0,1
317,4,1,0,0,11,1,1
317,5,0,1,0,12,1,1
317,6,0,1,0,12,2,1
317,7,0,1,0,12,3,1
317,8,1,0,0,12,4,1
317,9,1,0,0,13,4,1
317,10,0,1,0,14,4,1
318,1,0,0,1,10,0,0
318,2,0,0,1,10,0,1
318,3,0,1,0,10,0,2
318,4,1,0,0,10,1,2
318,5,0,0,1,11,1,2
318,6,0,0,1,11,1,3
318,7,0,1,0,11,1,4
318,8,1,0,0,11,2,4
318,9,0,0,1,12,2,4
318,10,0,1,0,12,2,5
319,1,0,0,1,10,0,0
319,2,1,0,0,10,0,1
319,3,1,0,0,11,0,1
319,4,0,1,0,12,0,1
319,5,0,1,0,12,1,1
319,6,0,1,0,12,2,1
319,7,0,0,1,12,3,1
319,8,0,1,0,12,3,2
319,9,1,0,0,12,4,2
319,10,0,1,0,13,4,2
320,1,1,0,0,10,0,0
320,2,1,0,0,11,0,0
320,3,1,0,0,12,0,0
320,4,0,0,1,13,0,0
320,5,1,0,0,13,0,1
320,6,0,1,0,14,0,1
320,7,0,0,1,14,1,1
320,8,0,0,1,14,1,2
320,9,0,0,1,14,1,3
320,10,0,0,1,14,1,4
321,1,1,0,0,10,0,0
321,2,0,1,0,11,0,0
321,3,0,1,0,11,1,0
321,4,0,1,0,11,2,0
321,5,0,1,0,11,3,0
321,6,0,1,0,11,4,0
321,7,1,0,0,11,5,0
321,8,0,1,0,12,5,0
321,9,0,0,1,12,6,0
321,10,0,1,0,12,6,1
322,1,1,0,0,10,0,0
322,2,1,0,0,11,0,0
322,3,1,0,0,12,0,0
322,4,0,0,1,13,0,0
322,5,1,0,0,13,0,1
322,6,0,0,1,14,0,1
322,7,0,0,1,14,0,2
322,8,0,0,1,14,0,3
322,9,0,0,1,14,0,4
322,10,0,1,0,14,0,5
323,1,1,0,0,10,0,0
323,2,0,0,1,11,0,0
323,3,1,0,0,11,0,1
323,4,1,0,0,12,0,1
323,5,0,1,0,13,0,1
323,6,0,1,0,13,1,1
323,7,1,0,0,13,2,1
323,8,0,0,1,14,2,1
323,9,0,1,0,14,2,2
323,10,0,1,0,14,3,2
324,1,1,0,0,10,0,0
324,2,1,0,0,11,0,0
324,3,1,0,0,12,0,0
324,4,0,0,1,13,0,0
324,5,0,0,1,13,0,1
324,6,0,1,0,13,0,2
324,7,0,1,0,13,1,2
324,8,0,0,1,13,2,2
324,9,0,1,0,13,2,3
324,10,0,0,1,13,3,3
325,1,0,0,1,10,0,0
325,2,0,1,0,10,0,1
325,3,1,0,0,10,1,1
325,4,0,1,0,11,1,1
325,5,1,0,0,11,2,1
325,6,0,1,0,12,2,1
325,7,1,0,0,12,3,1
325,8,0,0,1,13,3,1
325,9,0,1,0,13,3,2
325,10,0,0,1,13,4,2
326,1,1,0,0,10,0,0
326,2,0,0,1,11,0,0
326,3,0,0,1,11,0,1
326,4,0,0,1,11,0,2
326,5,1,0,0,11,0,3
326,6,0,0,1,12,0,3
326,7,0,0,1,12,0,4
326,8,0,0,1,12,0,5
326,9,0,0,1,12,0,6
326,10,1,0,0,12,0,7
327,1,0,0,1,10,0,0
327,2,1,0,0,10,0,1
327,3,0,1,0,11,0,1
327,4,0,1,0,11,1,1
327,5,0,0,1,11,2,1
327,6,0,0,1,11,2,2
327,7,0,1,0,11,2,3
327,8,0,0,1,11,3,3
327,9,1,0,0,11,3,4
327,10,0,1,0,12,3,4
328,1,1,0,0,10,0,0
328,2,0,0,1,11,0,0
328,3,0,0,1,11,0,1
328,4,1,0,0,11,0,2
328,5,0,1,0,12,0,2
328,6,0,0,1,12,1,2
328,7,0,1,0,12,1,3
328,8,0,0,1,12,2,3
328,9,0,0,1,12,2,4
328,10,0,1,0,12,2,5
329,1,0,1,0,10,0,0
329,2,0,1,0,10,1,0
329,3,0,0,1,10,2,0
329,4,1,0,0,10,2,1
329,5,0,0,1,11,2,1
329,6,0,0,1,11,2,2
329,7,0,0,1,11,2,3
329,8,0,1,0,11,2,4
329,9,0,1,0,11,3,4
329,10,0,1,0,11,4,4
330,1,0,0,1,10,0,0
330,2,0,1,0,10,0,1
330,3,1,0,0,10,1,1
330,4,0,0,1,11,1,1
330,5,1,0,0,11,1,2
330,6,0,0,1,12,1,2
330,7,1,0,0,12,1,3
330,8,0,0,1,13,1,3
330,9,0,0,1,13,1,4
330,10,0,0,1,13,1,5
331,1,1,0,0,10,0,0
331,2,1,0,0,11,0,0
331,3,0,1,0,12,0,0
331,4,1,0,0,12,1,0
331,5,0,1,0,13,1,0
331,6,0,0,1,13,2,0
331,7,0,1,0,13,2,1
331,8,1,0,0,13,3,1
331,9,0,1,0,14,3,1
331,10,0,1,0,14,4,1
332,1,0,1,0,10,0,0
332,2,1,0,0,10,1,0
332,3,0,0,1,11,1,0
332,4,1,0,0,11,1,1
332,5,0,1,0,12,1,1
332,6,1,0,0,12,2,1
332,7,1,0,0,13,2,1
332,8,0,0,1,14,2,1
332,9,1,0,0,14,2,2
332,10,0,0,1,15,2,2
333,1,0,0,1,10,0,0
333,2,0,1,0,10,0,1
333,3,0,0,1,10,1,1
333,4,0,1,0,10,1,2
333,5,1,0,0,10,2,2
333,6,1,0,0,11,2,2
333,7,0,0,1,12,2,2
333,8,0,1,0,12,2,3
333,9,1,0,0,12,3,3
333,10,0,1,0,13,3,3
334,1,0,0,1,10,0,0
334,2,1,0,0,10,0,1
334,3,0,0,1,11,0,1
334,4,1,0,0,11,0,2
334,5,0,0,1,12,0,2
334,6,0,0,1,12,0,3
334,7,0,0,1,12,0,4
334,8,0,1,0,12,0,5
334,9,0,0,1,12,1,5
334,10,0,0,1,12,1,6
335,1,0,1,0,10,0,0
335,2,0,0,1,10,1,0
335,3,1,0,0,10,1,1
335,4,0,1,0,11,1,1
335,5,0,0,1,11,2,1
335,6,0,1,0,11,2,2
335,7,0,1,0,11,3,2
335,8,0,0,1,11,4,2
335,9,0,0,1,11,4,3
335,10,0,1,0,11,4,4
336,1,1,0,0,10,0,0
336,2,0,0,1,11,0,0
336,3,0,0,1,11,0,1
336,4,0,0,1,11,0,2
336,5,0,0,1,11,0,3
336,6,1,0,0,11,0,4
336,7,0,0,1,12,0,4
336,8,0,0,1,12,0,5
336,9,1,0,0,12,0,6
336,10,1,0,0,13,0,6
337,1,1,0,0,10,0,0
337,2,0,1,0,11,0,0
337,3,0,0,1,11,1,0
337,4,0,0,1,11,1,1
337,5,0,1,0,11,1,2
337,6,1,0,0,11,2,2
337,7,1,0,0,12,2,2
337,8,0,1,0,13,2,2
337,9,0,0,1,13,3,2
337,10,0,1,0,13,3,3
338,1,0,0,1,10,0,0
338,2,0,0,1,10,0,1
338,3,1,0,0,10,0,2
338,4,0,0,1,11,0,2
338,5,1,0,0,11,0,3
338,6,0,0,1,12,0,3
338,7,0,0,1,12,0,4
338,8,0,1,0,12,0,5
338,9,1,0,0,12,1,5
338,10,0,0,1,13,1,5
339,1,0,0,1,10,0,0
339,2,0,1,0,10,0,1
339,3,0,1,0,10,1,1
339,4,1,0,0,10,2,1
339,5,0,1,0,11,2,1
339,6,1,0,0,11,3,1
339,7,0,1,0,12,3,1
339,8,0,1,0,12,4,1
339,9,0,1,0,12,5,1
339,10,0,1,0,12,6,1
340,1,0,0,1,10,0,0
340,2,0,0,1,10,0,1
340,3,1,0,0,10,0,2
340,4,0,0,1,11,0,2
340,5,1,0,0,11,0,3
340,6,0,0,1,12,0,3
340,7,0,0,1,12,0,4
340,8,0,0,1,12,0,5
340,9,0,0,1,12,0,6
340,10,0,1,0,12,0,7
341,1,0,0,1,10,0,0
341,2,1,0,0,10,0,1
341,3,0,1,0,11,0,1
341,4,0,0,1,11,1,1
341,5,1,0,0,11,1,2
341,6,1,0,0,12,1,2
341,7,0,1,0,13,1,2
341,8,0,1,0,13,2,2
341,9,0,1,0,13,3,2
341,10,0,0,1,13,4,2
342,1,1,0,0,10,0,0
342,2,0,1,0,11,0,0
342,3,1,0,0,11,1,0
342,4,1,0,0,12,1,0
342,5,0,0,1,13,1,0
342,6,0,0,1,13,1,1
342,7,0,0,1,13,1,2
342,8,0,0,1,13,1,3
342,9,0,1,0,13,1,4
342,10,0,1,0,13,2,4
343,1,0,1,0,10,0,0
343,2,0,1,0,10,1,0
343,3,0,1,0,10,2,0
343,4,0,1,0,10,3,0
343,5,1,0,0,10,4,0
343,6,0,1,0,11,4,0
343,7,1,0,0,11,5,0
343,8,0,1,0,12,5,0
343,9,1,0,0,12,6,0
343,10,0,0,1,13,6,0
344,1,0,1,0,10,0,0
344,2,0,0,1,10,1,0
344,3,1,0,0,10,1,1
344,4,0,0,1,11,1,1
344,5,0,0,1,11,1,2
344,6,0,1,0,11,1,3
344,7,0,0,1,11,2,3
344,8,1,0,0,11,2,4
344,9,1,0,0,12,2,4
344,10,1,0,0,13,2,4
345,1,1,0,0,10,0,0
345,2,0,1,0,11,0,0
345,3,0,1,0,11,1,0
345,4,0,1,0,11,2,0
345,5,0,0,1,11,3,0
345,6,1,0,0,11,3,1
345,7,0,1,0,12,3,1
345,8,0,1,0,12,4,1
345,9,0,1,0,12,5,1
345,10,0,0,1,12,6,1
346,1,0,0,1,10,0,0
346,2,1,0,0,10,0,1
346,3,0,1,0,11,0,1
346,4,0,1,0,11,1,1
346,5,0,0,1,11,2,1
346,6,0,0,1,11,2,2
346,7,0,0,1,11,2,3
346,8,1,0,0,11,2,4
346,9,0,0,1,12,2,4
346,10,0,0,1,12,2,5
347,1,0,1,0,10,0,0
347,2,0,1,0,10,1,0
347,3,1,0,0,10,2,0
347,4,0,1,0,11,2,0
347,5,0,1,0,11,3,0
347,6,1,0,0,11,4,0
347,7,0,1,0,12,4,0
347,8,0,1,0,12,5,0
347,9,0,1,0,12,6,0
347,10,0,0,1,12,7,0
348,1,1,0,0,10,0,0
348,2,0,0,1,11,0,0
348,3,1,0,0,11,0,1
348,4,0,0,1,12,0,1
348,5,1,0,0,12,0,2
348,6,1,0,0,13,0,2
348,7,0,0,1,14,0,2
348,8,0,0,1,14,0,3
348,9,0,0,1,14,0,4
348,10,0,0,1,14,0,5
349,1,0,1,0,10,0,0
349,2,1,0,0,10,1,0
349,3,1,0,0,11,1,0
349,4,1,0,0,12,1,0
349,5,0,0,1,13,1,0
349,6,0,1,0,13,1,1
349,7,0,0,1,13,2,1
349,8,0,1,0,13,2,2
349,9,0,1,0,13,3,2
349,10,0,1,0,13,4,2
350,1,0,0,1,10,0,0
350,2,0,1,0,10,0,1
350,3,0,0,1,10,1,1
350,4,0,1,0,10,1,2
350,5,0,0,1,10,2,2
350,6,0,1,0,10,2,3
350,7,0,1,0,10,3,3
350,8,1,0,0,10,4,3
350,9,0,0,1,11,4,3
350,10,1,0,0,11,4,4
351,1,0,1,0,10,0,0
351,2,0,1,0,10,1,0
351,3,0,1,0,10,2,0
351,4,1,0,0,10,3,0
351,5,0,1,0,11,3,0
351,6,0,0,1,11,4,0
351,7,0,1,0,11,4,1
351,8,0,1,0,11,5,1
351,9,1,0,0,11,6,1
351,10,1,0,0,12,6,1
352,1,0,0,1,10,0,0
352,2,0,1,0,10,0,1
352,3,0,0,1,10,1,1
352,4,1,0,0,10,1,2
352,5,0,0,1,11,1,2
352,6,0,1,0,11,1,3
352,7,0,0,1,11,2,3
352,8,0,0,1,11,2,4
352,9,1,0,0,11,2,5
352,10,0,1,0,12,2,5
353,1,0,0,1,10,0,0
353,2,0,0,1,10,0,1
353,3,1,0,0,10,0,2
353,4,1,0,0,11,0,2
353,5,0,0,1,12,0,2
353,6,0,1,0,12,0,3
353,7,0,1,0,12,1,3
353,8,0,0,1,12,2,3
353,9,0,1,0,12,2,4
353,10,0,1,0,12,3,4
354,1,0,1,0,10,0,0
354,2,0,0,1,10,1,0
354,3,0,0,1,10,1,1
354,4,1,0,0,10,1,2
354,5,0,0,1,11,1,2
354,6,0,0,1,11,1,3
354,7,1,0,0,11,1,4
354,8,0,0,1,12,1,4
354,9,0,1,0,12,1,5
354,10,0,1,0,12,2,5
355,1,0,1,0,10,0,0
355,2,1,0,0,10,1,0
355,3,0,1,0,11,1,0
355,4,0,0,1,11,2,0
355,5,1,0,0,11,2,1
355,6,0,1,0,12,2,1
355,7,0,1,0,12,3,1
355,8,0,0,1,12,4,1
355,9,0,0,1,12,4,2
355,10,1,0,0,12,4,3
356,1,0,1,0,10,0,0
356,2,1,0,0,10,1,0
356,3,1,0,0,11,1,0
356,4,0,0,1,12,1,0
356,5,1,0,0,12,1,1
356,6,0,0,1,13,1,1
356,7,0,0,1,13,1,2
356,8,0,0,1,13,1,3
356,9,0,0,1,13,1,4
356,10,0,0,1,13,1,5
357,1,1,0,0,10,0,0
357,2,0,0,1,11,0,0
357,3,0,1,0,11,0,1
357,4,0,0,1,11,1,1
357,5,1,0,0,11,1,2
357,6,0,1,0,12,1,2
357,7,0,0,1,12,2,2
357,8,0,0,1,12,2,3
357,9,0,0,1,12,2,4
357,10,0,1,0,12,2,5
358,1,0,0,1,10,0,0
358,2,1,0,0,10,0,1
358,3,0,1,0,11,0,1
358,4,0,0,1,11,1,1
358,5,1,0,0,11,1,2
358,6,0,1,0,12,1,2
358,7,1,0,0,12,2,2
358,8,0,0,1,13,2,2
358,9,0,0,1,13,2,3
358,10,0,0,1,13,2,4
359,1,1,0,0,10,0,0
359,2,0,1,0,11,0,0
359,3,0,1,0,11,1,0
359,4,1,0,0,11,2,0
359,5,1,0,0,12,2,0
359,6,1,0,0,13,2,0
359,7,0,0,1,14,2,0
359,8,0,1,0,14,2,1
359,9,0,1,0,14,3,1
359,10,0,1,0,14,4,1
360,1,0,0,1,10,0,0
360,2,1,0,0,10,0,1
360,3,1,0,0,11,0,1
360,4,1,0,0,12,0,1
360,5,1,0,0,13,0,1
360,6,0,0,1,14,0,1
360,7,0,0,1,14,0,2
360,8,0,1,0,14,0,3
360,9,0,0,1,14,1,3
360,10,0,0,1,14,1,4
361,1,1,0,0,10,0,0
361,2,0,0,1,11,0,0
361,3,0,1,0,11,0,1
361,4,0,1,0,11,1,1
361,5,1,0,0,11,2,1
361,6,0,1,0,12,2,1
361,7,0,0,1,12,3,1
361,8,0,0,1,12,3,2
361,9,1,0,0,12,3,3
361,10,0,1,0,13,3,3
362,1,1,0,0,10,0,0
362,2,0,1,0,11,0,0
362,3,0,0,1,11,1,0
362,4,1,0,0,11,1,1
362,5,0,0,1,12,1,1
362,6,0,0,1,12,1,2
362,7,0,0,1,12,1,3
362,8,0,1,0,12,1,4
362,9,0,0,1,12,2,4
362,10,0,0,1,12,2,5
363,1,0,1,0,10,0,0
363,2,1,0,0,10,1,0
363,3,0,1,0,11,1,0
363,4,0,0,1,11,2,0
363,5,1,0,0,11,2,1
363,6,0,1,0,12,2,1
363,7,0,0,1,12,3,1
363,8,0,1,0,12,3,2
363,9,0,0,1,12,4,2
363,10,0,1,0,12,4,3
364,1,0,0,1,10,0,0
364,2,0,0,1,10,0,1
364,3,0,0,1,10,0,2
364,4,1,0,0,10,0,3
364,5,0,0,1,11,0,3
364,6,1,0,0,11,0,4
364,7,0,1,0,12,0,4
364,8,0,1,0,12,1,4
364,9,0,0,1,12,2,4
364,10,0,0,1,12,2,5
365,1,1,0,0,10,0,0
365,2,0,0,1,11,0,0
365,3,0,1,0,11,0,1
365,4,0,1,0,11,1,1
365,5,0,1,0,11,2,1
365,6,1,0,0,11,3,1
365,7,0,1,0,12,3,1
365,8,0,1,0,12,4,1
365,9,0,0,1,12,5,1
365,10,0,0,1,12,5,2
366,1,0,1,0,10,0,0
366,2,1,0,0,10,1,0
366,3,1,0,0,11,1,0
366,4,0,0,1,12,1,0
366,5,0,0,1,12,1,1
366,6,0,0,1,12,1,2
366,7,0,1,0,12,1,3
366,8,0,1,0,12,2,3
366,9,0,0,1,12,3,3
366,10,0,0,1,12,3,4
367,1,0,0,1,10,0,0
367,2,1,0,0,10,0,1
367,3,0,0,1,11,0,1
367,4,0,1,0,11,0,2
367,5,0,1,0,11,1,2
367,6,1,0,0,11,2,2
367,7,0,1,0,12,2,2
367,8,1,0,0,12,3,2
367,9,0,0,1,13,3,2
367,10,0,1,0,13,3,3
368,1,1,0,0,10,0,0
368,2,0,0,1,11,0,0
368,3,0,0,1,11,0,1
368,4,0,1,0,11,0,2
368,5,1,0,0,11,1,2
368,6,0,0,1,12,1,2
368,7,1,0,0,12,1,3
368,8,0,1,0,13,1,3
368,9,0,0,1,13,2,3
368,10,0,0,1,13,2,4
369,1,1,0,0,10,0,0
369,2,1,0,0,11,0,0
369,3,0,1,0,12,0,0
369,4,0,1,0,12,1,0
369,5,0,0,1,12,2,0
369,6,0,1,0,12,2,1
369,7,1,0,0,12,3,1
369,8,0,1,0,13,3,1
369,9,0,1,0,13,4,1
369,10,0,1,0,13,5,1
370,1,0,0,1,10,0,0
370,2,0,1,0,10,0,1
370,3,0,0,1,10,1,1
370,4,0,1,0,10,1,2
370,5,1,0,0,10,2,2
370,6,1,0,0,11,2,2
370,7,0,0,1,12,2,2
370,8,0,0,1,12,2,3
370,9,0,1,0,12,2,4
370,10,0,0,1,12,3,4
371,1,1,0,0,10,0,0
371,2,0,0,1,11,0,0
371,3,0,1,0,11,0,1
371,4,0,1,0,11,1,1
371,5,0,1,0,11,2,1
371,6,0,1,0,11,3,1
371,7,0,0,1,11,4,1
371,8,0,0,1,11,4,2
371,9,0,1,0,11,4,3
371,10,0,1,0,11,5,3
372,1,0,0,1,10,0,0
372,2,1,0,0,10,0,1
372,3,0,0,1,11,0,1
372,4,0,0,1,11,0,2
372,5,1,0,0,11,0,3
372,6,0,1,0,12,0,3
372,7,0,0,1,12,1,3
372,8,0,0,1,12,1,4
372,9,0,0,1,12,1,5
372,10,0,1,0,12,1,6
373,1,0,1,0,10,0,0
373,2,1,0,0,10,1,0
373,3,0,1,0,11,1,0
373,4,1,0,0,11,2,0
373,5,0,1,0,12,2,0
373,6,0,0,1,12,3,0
373,7,0,1,0,12,3,1
373,8,0,1,0,12,4,1
373,9,1,0,0,12,5,1
373,10,0,0,1,13,5,1
374,1,0,0,1,10,0,0
374,2,1,0,0,10,0,1
374,3,1,0,0,11,0,1
374,4,0,0,1,12,0,1
374,5,0,0,1,12,0,2
374,6,0,0,1,12,0,3
374,7,0,1,0,12,0,4
374,8,0,0,1,12,1,4
374,9,1,0,0,12,1,5
374,10,0,0,1,13,1,5
375,1,1,0,0,10,0,0
375,2,0,0,1,11,0,0
375,3,0,0,1,11,0,1
375,4,0,1,0,11,0,2
375,5,0,1,0,11,1,2
375,6,0,1,0,11,2,2
375,7,0,1,0,11,3,2
375,8,1,0,0,11,4,2
375,9,0,1,0,12,4,2
375,10,0,0,1,12,5,2
376,1,1,0,0,10,0,0
376,2,0,0,1,11,0,0
376,3,0,1,0,11,0,1
376,4,0,0,1,11,1,1
376,5,1,0,0,11,1,2
376,6,0,0,1,12,1,2
376,7,0,0,1,12,1,3
376,8,0,0,1,12,1,4
376,9,0,1,0,12,1,5
376,10,0,1,0,12,2,5
377,1,0,1,0,10,0,0
377,2,0,1,0,10,1,0
377,3,1,0,0,10,2,0
377,4,0,1,0,11,2,0
377,5,0,1,0,11,3,0
377,6,0,0,1,11,4,0
377,7,0,1,0,11,4,1
377,8,0,0,1,11,5,1
377,9,1,0,0,11,5,2
377,10,0,0,1,12,5,2
378,1,0,0,1,10,0,0
378,2,0,0,1,10,0,1
378,3,1,0,0,10,0,2
378,4,0,1,0,11,0,2
378,5,0,0,1,11,1,2
378,6,0,0,1,11,1,3
378,7,0,0,1,11,1,4
378,8,1,0,0,11,1,5
378,9,0,0,1,12,1,5
378,10,1,0,0,12,1,6
379,1,1,0,0,10,0,0
379,2,0,0,1,11,0,0
379,3,0,1,0,11,0,1
379,4,0,1,0,11,1,1
379,5,1,0,0,11,2,1
379,6,0,1,0,12,2,1
379,7,0,1,0,12,3,1
379,8,0,0,1,12,4,1
379,9,0,1,0,12,4,2
379,10,0,0,1,12,5,2
380,1,0,0,1,10,0,0
380,2,1,0,0,10,0,1
380,3,0,0,1,11,0,1
380,4,0,0,1,11,0,2
380,5,1,0,0,11,0,3
380,6,1,0,0,12,0,3
380,7,1,0,0,13,0,3
380,8,0,0,1,14,0,3
380,9,0,0,1,14,0,4
380,10,0,0,1,14,0,5
381,1,0,1,0,10,0,0
381,2,0,0,1,10,1,0
381,3,1,0,0,10,1,1
381,4,0,0,1,11,1,1
381,5,1,0,0,11,1,2
381,6,1,0,0,12,1,2
381,7,0,1,0,13,1,2
381,8,0,0,1,13,2,2
381,9,0,0,1,13,2,3
381,10,0,1,0,13,2,4
382,1,0,0,1,10,0,0
382,2,0,0,1,10,0,1
382,3,0,0,1,10,0,2
382,4,1,0,0,10,0,3
382,5,0,1,0,11,0,3
382,6,0,1,0,11,1,3
382,7,0,1,0,11,2,3
382,8,0,1,0,11,3,3
382,9,0,1,0,11,4,3
382,10,1,0,0,11,5,3
383,1,0,1,0,10,0,0
383,2,1,0,0,10,1,0
383,3,1,0,0,11,1,0
383,4,0,1,0,12,1,0
383,5,0,0,1,12,2,0
383,6,0,0,1,12,2,1
383,7,0,1,0,12,2,2
383,8,0,1,0,12,3,2
383,9,0,1,0,12,4,2
383,10,0,1,0,12,5,2
384,1,0,1,0,10,0,0
384,2,0,0,1,10,1,0
384,3,0,0,1,10,1,1
384,4,0,1,0,10,1,2
384,5,0,0,1,10,2,2
384,6,1,0,0,10,2,3
384,7,1,0,0,11,2,3
384,8,1,0,0,12,2,3
384,9,0,1,0,13,2,3
384,10,0,0,1,13,3,3
385,1,0,0,1,10,0,0
385,2,1,0,0,10,0,1
385,3,1,0,0,11,0,1
385,4,1,0,0,12,0,1
385,5,0,0,1,13,0,1
385,6,0,1,0,13,0,2
385,7,0,0,1,13,1,2
385,8,1,0,0,13,1,3
385,9,0,0,1,14,1,3
385,10,0,1,0,14,1,4
386,1,1,0,0,10,0,0
386,2,1,0,0,11,0,0
386,3,0,0,1,12,0,0
386,4,0,0,1,12,0,1
386,5,0,0,1,12,0,2
386,6,0,1,0,12,0,3
386,7,0,1,0,12,1,3
386,8,0,0,1,12,2,3
386,9,0,1,0,12,2,4
386,10,0,0,1,12,3,4
387,1,1,0,0,10,0,0
387,2,0,1,0,11,0,0
387,3,1,0,0,11,1,0
387,4,0,1,0,12,1,0
387,5,0,1,0,12,2,0
387,6,0,1,0,12,3,0
387,7,1,0,0,12,4,0
387,8,0,1,0,13,4,0
387,9,0,0,1,13,5,0
387,10,0,0,1,13,5,1
388,1,0,1,0,10,0,0
388,2,0,0,1,10,1,0
388,3,0,1,0,10,1,1
388,4,1,0,0,10,2,1
388,5,1,0,0,11,2,1
388,6,0,1,0,12,2,1
388,7,0,1,0,12,3,1
388,8,0,0,1,12,4,1
388,9,0,0,1,12,4,2
388,10,0,0,1,12,4,3
389,1,1,0,0,10,0,0
389,2,0,1,0,11,0,0
389,3,0,0,1,11,1,0
389,4,0,0,1,11,1,1
389,5,1,0,0,11,1,2
389,6,1,0,0,12,1,2
389,7,0,1,0,13,1,2
389,8,0,0,1,13,2,2
389,9,0,1,0,13,2,3
389,10,0,1,0,13,3,3
390,1,1,0,0,10,0,0
390,2,1,0,0,11,0,0
390,3,0,1,0,12,0,0
390,4,0,0,1,12,1,0
390,5,0,1,0,12,1,1
390,6,0,1,0,12,2,1
390,7,0,0,1,12,3,1
390,8,0,0,1,12,3,2
390,9,0,1,0,12,3,3
390,10,0,0,1,12,4,3
391,1,1,0,0,10,0,0
391,2,0,1,0,11,0,0
391,3,1,0,0,11,1,0
391,4,0,1,0,12,1,0
391,5,0,0,1,12,2,0
391,6,1,0,0,12,2,1
391,7,0,1,0,13,2,1
391,8,0,1,0,13,3,1
391,9,0,1,0,13,4,1
391,10,0,1,0,13,5,1
392,1,0,1,0,10,0,0
392,2,0,0,1,10,1,0
392,3,1,0,0,10,1,1
392,4,0,1,0,11,1,1
392,5,0,0,1,11,2,1
392,6,0,0,1,11,2,2
392,7,1,0,0,11,2,3
392,8,1,0,0,12,2,3
392,9,0,1,0,13,2,3
392,10,0,0,1,13,3,3
393,1,0,1,0,10,0,0
393,2,0,0,1,10,1,0
393,3,1,0,0,10,1,1
393,4,0,1,0,11,1,1
393,5,1,0,0,11,2,1
393,6,0,1,0,12,2,1
393,7,0,1,0,12,3,1
393,8,0,1,0,12,4,1
393,9,0,1,0,12,5,1
393,10,1,0,0,12,6,1
394,1,0,0,1,10,0,0
394,2,1,0,0,10,0,1
394,3,0,0,1,11,0,1
394,4,0,0,1,11,0,2
394,5,0,1,0,11,0,3
394,6,1,0,0,11,1,3
394,7,0,0,1,12,1,3
394,8,0,0,1,12,1,4
394,9,0,0,1,12,1,5
394,10,0,1,0,12,1,6
395,1,1,0,0,10,0,0
395,2,1,0,0,11,0,0
395,3,0,1,0,12,0,0
395,4,0,1,0,12,1,0
395,5,1,0,0,12,2,0
395,6,0,1,0,13,2,0
395,7,0,1,0,13,3,0
395,8,0,1,0,13,4,0
395,9,0,1,0,13,5,0
395,10,0,1,0,13,6,0
396,1,0,0,1,10,0,0
396,2,0,0,1,10,0,1
396,3,0,0,1,10,0,2
396,4,0,1,0,10,0,3
396,5,0,1,0,10,1,3
396,6,0,1,0,10,2,3
396,7,0,1,0,10,3,3
396,8,0,0,1,10,4,3
396,9,0,0,1,10,4,4
396,10,0,0,1,10,4,5
397,1,1,0,0,10,0,0
397,2,1,0,0,11,0,0
397,3,0,1,0,12,0,0
397,4,0,1,0,12,1,0
397,5,0,1,0,12,2,0
397,6,0,0,1,12,3,0
397,7,0,1,0,12,3,1
397,8,0,0,1,12,4,1
397,9,0,1,0,12,4,2
397,10,1,0,0,12,5,2
398,1,0,0,1,10,0,0
398,2,0,0,1,10,0,1
398,3,0,1,0,10,0,2
398,4,1,0,0,10,1,2
398,5,0,0,1,11,1,2
398,6,0,0,1,11,1,3
398,7,1,0,0,11,1,4
398,8,0,0,1,12,1,4
398,9,0,1,0,12,1,5
398,10,0,1,0,12,2,5
399,1,0,1,0,10,0,0
399,2,1,0,0,10,1,0
399,3,0,1,0,11,1,0
399,4,0,1,0,11,2,0
399,5,0,0,1,11,3,0
399,6,0,1,0,11,3,1
399,7,0,1,0,11,4,1
399,8,0,0,1,11,5,1
399,9,0,1,0,11,5,2
399,10,0,1,0,11,6,2
400,1,1,0,0,10,0,0
400,2,1,0,0,11,0,0
400,3,1,0,0,12,0,0
400,4,0,0,1,13,0,0
400,5,1,0,0,13,0,1
400,6,0,0,1,14,0,1
400,7,0,0,1,14,0,2
400,8,0,1,0,14,0,3
400,9,0,0,1,14,1,3
400,10,1,0,0,14,1,4
401,1,1,0,0,10,0,0
401,2,0,0,1,11,0,0
401,3,0,1,0,11,0,1
401,4,1,0,0,11,1,1
401,5,0,1,0,12,1,1
401,6,0,1,0,12,2,1
401,7,0,1,0,12,3,1
401,8,1,0,0,12,4,1
401,9,0,0,1,13,4,1
401,10,0,1,0,13,4,2
402,1,1,0,0,10,0,0
402,2,1,0,0,11,0,0
402,3,0,0,1,12,0,0
402,4,0,0,1,12,0,1
402,5,0,0,1,12,0,2
402,6,0,0,1,12,0,3
402,7,1,0,0,12,0,4
402,8,0,1,0,13,0,4
402,9,0,0,1,13,1,4
402,10,0,0,1,13,1,5
403,1,1,0,0,10,0,0
403,2,0,1,0,11,0,0
403,3,0,1,0,11,1,0
403,4,0,1,0,11,2,0
403,5,1,0,0,11,3,0
403,6,0,1,0,12,3,0
403,7,0,1,0,12,4,0
403,8,0,0,1,12,5,0
403,9,0,0,1,12,5,1
403,10,0,0,1,12,5,2
404,1,0,1,0,10,0,0
404,2,0,0,1,10,1,0
404,3,1,0,0,10,1,1
404,4,0,0,1,11,1,1
404,5,0,0,1,11,1,2
404,6,0,0,1,11,1,3
404,7,1,0,0,11,1,4
404,8,1,0,0,12,1,4
404,9,0,0,1,13,1,4
404,10,1,0,0,13,1,5
405,1,0,0,1,10,0,0
405,2,0,1,0,10,0,1
405,3,1,0,0,10,1,1
405,4,1,0,0,11,1,1
405,5,0,0,1,12,1,1
405,6,1,0,0,12,1,2
405,7,0,1,0,13,1,2
405,8,0,1,0,13,2,2
405,9,0,1,0,13,3,2
405,10,0,1,0,13,4,2
406,1,0,0,1,10,0,0
406,2,0,0,1,10,0,1
406,3,0,0,1,10,0,2
406,4,1,0,0,10,0,3
406,5,0,0,1,11,0,3
406,6,1,0,0,11,0,4
406,7,0,1,0,12,0,4
406,8,0,1,0,12,1,4
406,9,0,1,0,12,2,4
406,10,0,0,1,12,3,4
407,1,1,0,0,10,0,0
407,2,0,1,0,11,0,0
407,3,0,1,0,11,1,0
407,4,1,0,0,11,2,0
407,5,0,1,0,12,2,0
407,6,0,1,0,12,3,0
407,7,1,0,0,12,4,0
407,8,0,0,1,13,4,0
407,9,0,1,0,13,4,1
407,10,0,0,1,13,5,1
408,1,1,0,0,10,0,0
408,2,0,1,0,11,0,0
408,3,0,1,0,11,1,0
408,4,0,0,1,11,2,0
408,5,0,0,1,11,2,1
408,6,0,0,1,11,2,2
408,7,0,1,0,11,2,3
408,8,1,0,0,11,3,3
408,9,0,0,1,12,3,3
408,10,0,0,1,12,3,4
409,1,0,1,0,10,0,0
409,2,1,0,0,10,1,0
409,3,1,0,0,11,1,0
409,4,0,0,1,12,1,0
409,5,0,1,0,12,1,1
409,6,1,0,0,12,2,1
409,7,1,0,0,13,2,1
409,8,0,1,0,14,2,1
409,9,0,0,1,14,3,1
409,10,0,1,0,14,3,2
410,1,0,0,1,10,0,0
410,2,1,0,0,10,0,1
410,3,1,0,0,11,0,1
410,4,0,0,1,12,0,1
410,5,0,0,1,12,0,2
410,6,0,1,0,12,0,3
410,7,0,0,1,12,1,3
410,8,1,0,0,12,1,4
410,9,0,0,1,13,1,4
410,10,0,1,0,13,1,5
411,1,1,0,0,10,0,0
411,2,0,1,0,11,0,0
411,3,0,1,0,11,1,0
411,4,0,1,0,11,2,0
411,5,0,1,0,11,3,0
411,6,1,0,0,11,4,0
411,7,0,0,1,12,4,0
411,8,0,1,0,12,4,1
411,9,0,0,1,12,5,1
411,10,0,0,1,12,5,2
412,1,0,0,1,10,0,0
412,2,1,0,0,10,0,1
412,3,1,0,0,11,0,1
412,4,1,0,0,12,0,1
412,5,0,0,1,13,0,1
412,6,0,0,1,13,0,2
412,7,0,0,1,13,0,3
412,8,1,0,0,13,0,4
412,9,0,0,1,14,0,4
412,10,0,1,0,14,0,5
413,1,0,1,0,10,0,0
413,2,1,0,0,10,1,0
413,3,1,0,0,11,1,0
413,4,1,0,0,12,1,0
413,5,0,1,0,13,1,0
413,6,0,1,0,13,2,0
413,7,0,1,0,13,3,0
413,8,0,0,1,13,4,0
413,9,0,1,0,13,4,1
413,10,0,1,0,13,5,1
414,1,1,0,0,10,0,0
414,2,0,0,1,11,0,0
414,3,0,1,0,11,0,1
414,4,1,0,0,11,1,1
414,5,0,0,1,12,1,1
414,6,0,0,1,12,1,2
414,7,0,0,1,12,1,3
414,8,0,0,1,12,1,4
414,9,1,0,0,12,1,5
414,10,0,0,1,13,1,5
415,1,1,0,0,10,0,0
415,2,1,0,0,11,0,0
415,3,0,1,0,12,0,0
415,4,0,1,0,12,1,0
415,5,0,0,1,12,2,0
415,6,0,1,0,12,2,1
415,7,0,1,0,12,3,1
415,8,0,0,1,12,4,1
415,9,0,1,0,12,4,2
415,10,1,0,0,12,5,2
416,1,1,0,0,10,0,0
416,2,0,1,0,11,0,0
416,3,0,0,1,11,1,0
416,4,0,0,1,11,1,1
416,5,0,0,1,11,1,2
416,6,1,0,0,11,1,3
416,7,1,0,0,12,1,3
416,8,0,0,1,13,1,3
416,9,0,0,1,13,1,4
416,10,0,0,1,13,1,5
417,1,0,1,0,10,0,0
417,2,1,0,0,10,1,0
417,3,0,1,0,11,1,0
417,4,1,0,0,11,2,0
417,5,0,1,0,12,2,0
417,6,0,1,0,12,3,0
417,7,1,0,0,12,4,0
417,8,0,0,1,13,4,0
417,9,0,1,0,13,4,1
417,10,1,0,0,13,5,1
418,1,0,1,0,10,0,0
418,2,1,0,0,10,1,0
418,3,1,0,0,11,1,0
418,4,0,0,1,12,1,0
418,5,0,0,1,12,1,1
418,6,0,0,1,12,1,2
418,7,1,0,0,12,1,3
418,8,1,0,0,13,1,3
418,9,0,0,1,14,1,3
418,10,0,1,0,14,1,4
419,1,1,0,0,10,0,0
419,2,0,1,0,11,0,0
419,3,0,0,1,11,1,0
419,4,0,1,0,11,1,1
419,5,0,1,0,11,2,1
419,6,0,0,1,11,3,1
419,7,0,0,1,11,3,2
419,8,0,1,0,11,3,3
419,9,0,1,0,11,4,3
419,10,0,1,0,11,5,3
420,1,1,0,0,10,0,0
420,2,1,0,0,11,0,0
420,3,0,1,0,12,0,0
420,4,1,0,0,12,1,0
420,5,0,1,0,13,1,0
420,6,1,0,0,13,2,0
420,7,1,0,0,14,2,0
420,8,0,0,1,15,2,0
420,9,0,0,1,15,2,1
420,10,0,0,1,15,2,2
421,1,0,1,0,10,0,0
421,2,0,1,0,10,1,0
421,3,0,1,0,10,2,0
421,4,0,0,1,10,3,0
421,5,0,1,0,10,3,1
421,6,0,0,1,10,4,1
421,7,1,0,0,10,4,2
421,8,0,0,1,11,4,2
421,9,1,0,0,11,4,3
421,10,0,1,0,12,4,3
422,1,1,0,0,10,0,0
422,2,1,0,0,11,0,0
422,3,1,0,0,12,0,0
422,4,0,1,0,13,0,0
422,5,0,0,1,13,1,0
422,6,1,0,0,13,1,1
422,7,0,0,1,14,1,1
422,8,0,1,0,14,1,2
422,9,0,0,1,14,2,2
422,10,0,0,1,14,2,3
423,1,1,0,0,10,0,0
423,2,0,0,1,11,0,0
423,3,0,1,0,11,0,1
423,4,0,1,0,11,1,1
423,5,0,1,0,11,2,1
423,6,0,1,0,11,3,1
423,7,0,1,0,11,4,1
423,8,0,0,1,11,5,1
423,9,1,0,0,11,5,2
423,10,0,1,0,12,5,2
424,1,0,0,1,10,0,0
424,2,1,0,0,10,0,1
424,3,0,0,1,11,0,1
424,4,0,0,1,11,0,2
424,5,1,0,0,11,0,3
424,6,0,1,0,12,0,3
424,7,0,0,1,12,1,3
424,8,0,0,1,12,1,4
424,9,1,0,0,12,1,5
424,10,0,0,1,13,1,5
425,1,0,0,1,10,0,0
425,2,0,1,0,10,0,1
425,3,1,0,0,10,1,1
425,4,1,0,0,11,1,1
425,5,1,0,0,12,1,1
425,6,0,1,0,13,1,1
425,7,0,1,0,13,2,1
425,8,1,0,0,13,3,1
425,9,0,1,0,14,3,1
425,10,0,1,0,14,4,1
426,1,1,0,0,10,0,0
426,2,1,0,0,11,0,0
426,3,0,0,1,12,0,0
426,4,1,0,0,12,0,1
426,5,0,0,1,13,0,1
426,6,0,0,1,13,0,2
426,7,0,0,1,13,0,3
426,8,0,0,1,13,0,4
426,9,0,0,1,13,0,5
426,10,0,0,1,13,0,6
427,1,0,1,0,10,0,0
427,2,1,0,0,10,1,0
427,3,1,0,0,11,1,0
427,4,0,1,0,12,1,0
427,5,0,0,1,12,2,0
427,6,1,0,0,12,2,1
427,7,0,1,0,13,2,1
427,8,1,0,0,13,3,1
427,9,0,1,0,14,3,1
427,10,0,1,0,14,4,1
428,1,1,0,0,10,0,0
428,2,1,0,0,11,0,0
428,3,0,0,1,12,0,0
428,4,0,1,0,12,0,1
428,5,0,0,1,12,1,1
428,6,0,0,1,12,1,2
428,7,0,0,1,12,1,3
428,8,0,0,1,12,1,4
428,9,0,0,1,12,1,5
428,10,1,0,0,12,1,6
429,1,1,0,0,10,0,0
429,2,0,1,0,11,0,0
429,3,0,1,0,11,1,0
429,4,0,1,0,11,2,0
429,5,0,1,0,11,3,0
429,6,0,0,1,11,4,0
429,7,1,0,0,11,4,1
429,8,0,1,0,12,4,1
429,9,0,1,0,12,5,1
429,10,1,0,0,12,6,1
430,1,1,0,0,10,0,0
430,2,0,0,1,11,0,0
430,3,0,1,0,11,0,1
430,4,1,0,0,11,1,1
430,5,0,0,1,12,1,1
430,6,0,0,1,12,1,2
430,7,0,1,0,12,1,3
430,8,0,1,0,12,2,3
430,9,0,0,1,12,3,3
430,10,0,0,1,12,3,4
431,1,1,0,0,10,0,0
431,2,0,1,0,11,0,0
431,3,0,0,1,11,1,0
431,4,1,0,0,11,1,1
431,5,0,1,0,12,1,1
431,6,0,1,0,12,2,1
431,7,0,1,0,12,3,1
431,8,1,0,0,12,4,1
431,9,0,1,0,13,4,1
431,10,0,1,0,13,5,1
432,1,1,0,0,10,0,0
432,2,0,1,0,11,0,0
432,3,0,0,1,11,1,0
432,4,0,0,1,11,1,1
432,5,1,0,0,11,1,2
432,6,0,0,1,12,1,2
432,7,0,0,1,12,1,3
432,8,0,0,1,12,1,4
432,9,0,1,0,12,1,5
432,10,1,0,0,12,2,5
433,1,1,0,0,10,0,0
433,2,1,0,0,11,0,0
433,3,1,0,0,12,0,0
433,4,0,1,0,13,0,0
433,5,0,0,1,13,1,0
433,6,0,0,1,13,1,1
433,7,0,0,1,13,1,2
433,8,0,1,0,13,1,3
433,9,0,1,0,13,2,3
433,10,0,1,0,13,3,3
434,1,0,0,1,10,0,0
434,2,1,0,0,10,0,1
434,3,0,0,1,11,0,1
434,4,0,0,1,11,0,2
434,5,0,0,1,11,0,3
434,6,1,0,0,11,0,4
434,7,0,0,1,12,0,4
434,8,0,0,1,12,0,5
434,9,0,0,1,12,0,6
434,10,0,0,1,12,0,7
435,1,0,0,1,10,0,0
435,2,1,0,0,10,0,1
435,3,0,0,1,11,0,1
435,4,0,1,0,11,0,2
435,5,0,1,0,11,1,2
435,6,0,1,0,11,2,2
435,7,1,0,0,11,3,2
435,8,0,0,1,12,3,2
435,9,0,1,0,12,3,3
435,10,0,1,0,12,4,3
436,1,0,0,1,10,0,0
436,2,0,0,1,10,0,1
436,3,1,0,0,10,0,2
436,4,0,1,0,11,0,2
436,5,1,0,0,11,1,2
436,6,0,0,1,12,1,2
436,7,1,0,0,12,1,3
436,8,0,1,0,13,1,3
436,9,0,0,1,13,2,3
436,10,0,1,0,13,2,4
437,1,0,1,0,10,0,0
437,2,0,1,0,10,1,0
437,3,0,1,0,10,2,0
437,4,1,0,0,10,3,0
437,5,0,0,1,11,3,0
437,6,0,1,0,11,3,1
437,7,0,1,0,11,4,1
437,8,1,0,0,11,5,1
437,9,0,0,1,12,5,1
437,10,0,1,0,12,5,2
438,1,1,0,0,10,0,0
438,2,0,1,0,11,0,0
438,3,1,0,0,11,1,0
438,4,0,0,1,12,1,0
438,5,0,0,1,12,1,1
438,6,0,1,0,12,1,2
438,7,0,1,0,12,2,2
438,8,0,0,1,12,3,2
438,9,0,0,1,12,3,3
438,10,0,0,1,12,3,4
439,1,0,0,1,10,0,0
439,2,0,1,0,10,0,1
439,3,1,0,0,10,1,1
439,4,0,0,1,11,1,1
439,5,0,1,0,11,1,2
439,6,1,0,0,11,2,2
439,7,0,1,0,12,2,2
439,8,0,1,0,12,3,2
439,9,1,0,0,12,4,2
439,10,0,0,1,13,4,2
440,1,1,0,0,10,0,0
440,2,0,0,1,11,0,0
440,3,0,0,1,11,0,1
440,4,1,0,0,11,0,2
440,5,0,0,1,12,0,2
440,6,0,0,1,12,0,3
440,7,0,0,1,12,0,4
440,8,1,0,0,12,0,5
440,9,0,0,1,13,0,5
440,10,0,0,1,13,0,6
441,1,0,1,0,10,0,0
441,2,0,1,0,10,1,0
441,3,0,1,0,10,2,0
441,4,1,0,0,10,3,0
441,5,0,1,0,11,3,0
441,6,0,0,1,11,4,0
441,7,1,0,0,11,4,1
441,8,0,0,1,12,4,1
441,9,0,1,0,12,4,2
441,10,0,1,0,12,5,2
442,1,0,0,1,10,0,0
442,2,0,0,1,10,0,1
442,3,0,0,1,10,0,2
442,4,0,1,0,10,0,3
442,5,0,0,1,10,1,3
442,6,1,0,0,10,1,4
442,7,0,1,0,11,1,4
442,8,0,1,0,11,2,4
442,9,0,0,1,11,3,4
442,10,1,0,0,11,3,5
443,1,1,0,0,10,0,0
443,2,1,0,0,11,0,0
443,3,0,1,0,12,0,0
443,4,0,1,0,12,1,0
443,5,0,1,0,12,2,0
443,6,0,0,1,12,3,0
443,7,1,0,0,12,3,1
443,8,0,1,0,13,3,1
443,9,0,0,1,13,4,1
443,10,0,1,0,13,4,2
444,1,1,0,0,10,0,0
444,2,0,0,1,11,0,0
444,3,1,0,0,11,0,1
444,4,1,0,0,12,0,1
444,5,0,0,1,13,0,1
444,6,0,0,1,13,0,2
444,7,0,0,1,13,0,3
444,8,0,0,1,13,0,4
444,9,0,0,1,13,0,5
444,10,0,0,1,13,0,6
445,1,0,1,0,10,0,0
445,2,1,0,0,10,1,0
445,3,1,0,0,11,1,0
445,4,1,0,0,12,1,0
445,5,0,1,0,13,1,0
445,6,0,1,0,13,2,0
445,7,1,0,0,13,3,0
445,8,0,1,0,14,3,0
445,9,0,1,0,14,4,0
445,10,0,0,1,14,5,0
446,1,0,1,0,10,0,0
446,2,0,1,0,10,1,0
446,3,0,0,1,10,2,0
446,4,0,0,1,10,2,1
446,5,1,0,0,10,2,2
446,6,1,0,0,11,2,2
446,7,0,0,1,12,2,2
446,8,1,0,0,12,2,3
446,9,0,0,1,13,2,3
446,10,0,1,0,13,2,4
447,1,1,0,0,10,0,0
447,2,0,1,0,11,0,0
447,3,0,1,0,11,1,0
447,4,0,0,1,11,2,0
447,5,0,1,0,11,2,1
447,6,1,0,0,11,3,1
447,7,0,0,1,12,3,1
447,8,0,0,1,12,3,2
447,9,0,1,0,12,3,3
447,10,0,1,0,12,4,3
448,1,1,0,0,10,0,0
448,2,1,0,0,11,0,0
448,3,0,0,1,12,0,0
448,4,0,0,1,12,0,1
448,5,0,0,1,12,0,2
448,6,0,0,1,12,0,3
448,7,0,0,1,12,0,4
448,8,0,0,1,12,0,5
448,9,1,0,0,12,0,6
448,10,1,0,0,13,0,6
449,1,0,1,0,10,0,0
449,2,0,0,1,10,1,0
449,3,1,0,0,10,1,1
449,4,0,1,0,11,1,1
449,5,1,0,0,11,2,1
449,6,0,1,0,12,2,1
449,7,1,0,0,12,3,1
449,8,0,0,1,13,3,1
449,9,1,0,0,13,3,2
449,10,0,1,0,14,3,2
450,1,0,0,1,10,0,0
450,2,0,0,1,10,0,1
450,3,0,1,0,10,0,2
450,4,0,0,1,10,1,2
450,5,0,0,1,10,1,3
450,6,0,1,0,10,1,4
450,7,0,1,0,10,2,4
450,8,0,1,0,10,3,4
450,9,0,1,0,10,4,4
450,10,0,0,1,10,5,4
451,1,1,0,0,10,0,0
451,2,1,0,0,11,0,0
451,3,1,0,0,12,0,0
451,4,0,1,0,13,0,0
451,5,0,1,0,13,1,0
451,6,0,1,0,13,2,0
451,7,0,1,0,13,3,0
451,8,0,1,0,13,4,0
451,9,0,1,0,13,5,0
451,10,0,0,1,13,6,0
452,1,0,0,1,10,0,0
452,2,1,0,0,10,0,1
452,3,0,0,1,11,0,1
452,4,0,0,1,11,0,2
452,5,0,1,0,11,0,3
452,6,1,0,0,11,1,3
452,7,0,1,0,12,1,3
452,8,0,0,1,12,2,3
452,9,0,0,1,12,2,4
452,10,0,0,1,12,2,5
453,1,0,0,1,10,0,0
453,2,0,1,0,10,0,1
453,3,0,1,0,10,1,1
453,4,0,0,1,10,2,1
453,5,0,0,1,10,2,2
453,6,1,0,0,10,2,3
453,7,0,1,0,11,2,3
453,8,0,1,0,11,3,3
453,9,1,0,0,11,4,3
453,10,0,1,0,12,4,3
454,1,0,1,0,10,0,0
454,2,0,0,1,10,1,0
454,3,1,0,0,10,1,1
454,4,1,0,0,11,1,1
454,5,0,0,1,12,1,1
454,6,0,0,1,12,1,2
454,7,0,0,1,12,1,3
454,8,0,1,0,12,1,4
454,9,0,0,1,12,2,4
454,10,0,0,1,12,2,5
455,1,0,1,0,10,0,0
455,2,1,0,0,10,1,0
455,3,0,1,0,11,1,0
455,4,0,1,0,11,2,0
455,5,0,1,0,11,3,0
455,6,0,1,0,11,4,0
455,7,0,1,0,11,5,0
455,8,0,1,0,11,6,0
455,9,0,0,1,11,7,0
455,10,0,0,1,11,7,1
456,1,1,0,0,10,0,0
456,2,1,0,0,11,0,0
456,3,0,0,1,12,0,0
456,4,0,1,0,12,0,1
456,5,0,0,1,12,1,1
456,6,0,0,1,12,1,2
456,7,0,0,1,12,1,3
456,8,0,1,0,12,1,4
456,9,0,0,1,12,2,4
456,10,0,0,1,12,2,5
457,1,0,1,0,10,0,0
457,2,0,0,1,10,1,0
457,3,1,0,0,10,1,1
457,4,0,1,0,11,1,1
457,5,0,1,0,11,2,1
457,6,0,1,0,11,3,1
457,7,1,0,0,11,4,1
457,8,1,0,0,12,4,1
457,9,0,0,1,13,4,1
457,10,0,1,0,13,4,2
458,1,1,0,0,10,0,0
458,2,1,0,0,11,0,0
458,3,1,0,0,12,0,0
458,4,0,0,1,13,0,0
458,5,0,0,1,13,0,1
458,6,0,0,1,13,0,2
458,7,0,1,0,13,0,3
458,8,1,0,0,13,1,3
458,9,0,0,1,14,1,3
458,10,0,0,1,14,1,4
459,1,0,0,1,10,0,0
459,2,0,1,0,10,0,1
459,3,0,1,0,10,1,1
459,4,0,1,0,10,2,1
459,5,1,0,0,10,3,1
459,6,0,1,0,11,3,1
459,7,0,1,0,11,4,1
459,8,1,0,0,11,5,1
459,9,0,0,1,12,5,1
459,10,0,1,0,12,5,2
460,1,0,0,1,10,0,0
460,2,0,0,1,10,0,1
460,3,0,0,1,10,0,2
460,4,0,0,1,10,0,3
460,5,0,0,1,10,0,4
460,6,0,1,0,10,0,5
460,7,0,0,1,10,1,5
460,8,1,0,0,10,1,6
460,9,0,0,1,11,1,6
460,10,1,0,0,11,1,7
461,1,1,0,0,10,0,0
461,2,0,1,0,11,0,0
461,3,1,0,0,11,1,0
461,4,1,0,0,12,1,0
461,5,0,0,1,13,1,0
461,6,0,1,0,13,1,1
461,7,1,0,0,13,2,1
461,8,0,1,0,14,2,1
461,9,0,1,0,14,3,1
461,10,0,1,0,14,4,1
462,1,1,0,0,10,0,0
462,2,1,0,0,11,0,0
462,3,1,0,0,12,0,0
462,4,0,0,1,13,0,0
462,5,0,1,0,13,0,1
462,6,0,0,1,13,1,1
462,7,1,0,0,13,1,2
462,8,1,0,0,14,1,2
462,9,0,0,1,15,1,2
462,10,0,0,1,15,1,3
463,1,0,1,0,10,0,0
463,2,0,1,0,10,1,0
463,3,0,0,1,10,2,0
463,4,0,1,0,10,2,1
463,5,1,0,0,10,3,1
463,6,0,0,1,11,3,1
463,7,1,0,0,11,3,2
463,8,0,1,0,12,3,2
463,9,1,0,0,12,4,2
463,10,0,1,0,13,4,2
464,1,1,0,0,10,0,0
464,2,0,0,1,11,0,0
464,3,1,0,0,11,0,1
464,4,0,1,0,12,0,1
464,5,0,0,1,12,1,1
464,6,0,0,1,12,1,2
464,7,0,1,0,12,1,3
464,8,0,0,1,12,2,3
464,9,0,0,1,12,2,4
464,10,0,0,1,12,2,5
465,1,0,0,1,10,0,0
465,2,1,0,0,10,0,1
465,3,1,0,0,11,0,1
465,4,0,1,0,12,0,1
465,5,1,0,0,12,1,1
465,6,0,1,0,13,1,1
465,7,0,0,1,13,2,1
465,8,0,1,0,13,2,2
465,9,1,0,0,13,3,2
465,10,0,1,0,14,3,2
466,1,0,0,1,10,0,0
466,2,1,0,0,10,0,1
466,3,1,0,0,11,0,1
466,4,0,0,1,12,0,1
466,5,0,0,1,12,0,2
466,6,0,0,1,12,0,3
466,7,0,1,0,12,0,4
466,8,0,0,1,12,1,4
466,9,0,1,0,12,1,5
466,10,1,0,0,12,2,5
467,1,1,0,0,10,0,0
467,2,0,1,0,11,0,0
467,3,0,1,0,11,1,0
467,4,0,1,0,11,2,0
467,5,0,1,0,11,3,0
467,6,1,0,0,11,4,0
467,7,0,0,1,12,4,0
467,8,0,1,0,12,4,1
467,9,0,1,0,12,5,1
467,10,0,0,1,12,6,1
468,1,0,0,1,10,0,0
468,2,0,0,1,10,0,1
468,3,1,0,0,10,0,2
468,4,0,1,0,11,0,2
468,5,0,0,1,11,1,2
468,6,0,1,0,11,1,3
468,7,0,0,1,11,2,3
468,8,1,0,0,11,2,4
468,9,0,0,1,12,2,4
468,10,0,1,0,12,2,5
469,1,1,0,0,10,0,0
469,2,1,0,0,11,0,0
469,3,0,0,1,12,0,0
469,4,1,0,0,12,0,1
469,5,0,1,0,13,0,1
469,6,1,0,0,13,1,1
469,7,0,1,0,14,1,1
469,8,0,1,0,14,2,1
469,9,0,1,0,14,3,1
469,10,0,1,0,14,4,1
470,1,1,0,0,10,0,0
470,2,0,1,0,11,0,0
470,3,0,0,1,11,1,0
470,4,0,0,1,11,1,1
470,5,1,0,0,11,1,2
470,6,0,0,1,12,1,2
470,7,0,0,1,12,1,3
470,8,0,0,1,12,1,4
470,9,0,0,1,12,1,5
470,10,0,0,1,12,1,6
471,1,1,0,0,10,0,0
471,2,0,1,0,11,0,0
471,3,0,1,0,11,1,0
471,4,0,1,0,11,2,0
471,5,0,1,0,11,3,0
471,6,0,0,1,11,4,0
471,7,0,0,1,11,4,1
471,8,0,1,0,11,4,2
471,9,1,0,0,11,5,2
471,10,0,1,0,12,5,2
472,1,1,0,0,10,0,0
472,2,0,0,1,11,0,0
472,3,0,0,1,11,0,1
472,4,0,0,1,11,0,2
472,5,0,1,0,11,0,3
472,6,1,0,0,11,1,3
472,7,0,0,1,12,1,3
472,8,0,0,1,12,1,4
472,9,0,0,1,12,1,5
472,10,0,0,1,12,1,6
473,1,1,0,0,10,0,0
473,2,0,0,1,11,0,0
473,3,0,1,0,11,0,1
473,4,1,0,0,11,1,1
473,5,0,1,0,12,1,1
473,6,0,1,0,12,2,1
473,7,1,0,0,12,3,1
473,8,0,1,0,13,3,1
473,9,0,1,0,13,4,1
473,10,0,0,1,13,5,1
474,1,1,0,0,10,0,0
474,2,0,1,0,11,0,0
474,3,0,0,1,11,1,0
474,4,0,1,0,11,1,1
474,5,0,1,0,11,2,1
474,6,1,0,0,11,3,1
474,7,0,0,1,12,3,1
474,8,0,0,1,12,3,2
474,9,0,0,1,12,3,3
474,10,0,0,1,12,3,4
475,1,1,0,0,10,0,0
475,2,1,0,0,11,0,0
475,3,1,0,0,12,0,0
475,4,0,1,0,13,0,0
475,5,0,1,0,13,1,0
475,6,0,0,1,13,2,0
475,7,0,1,0,13,2,1
475,8,0,1,0,13,3,1
475,9,0,1,0,13,4,1
475,10,0,1,0,13,5,1
476,1,0,1,0,10,0,0
476,2,1,0,0,10,1,0
476,3,0,1,0,11,1,0
476,4,1,0,0,11,2,0
476,5,0,0,1,12,2,0
476,6,1,0,0,12,2,1
476,7,0,0,1,13,2,1
476,8,0,0,1,13,2,2
476,9,0,0,1,13,2,3
476,10,0,0,1,13,2,4
477,1,0,1,0,10,0,0
477,2,0,0,1,10,1,0
477,3,1,0,0,10,1,1
477,4,0,1,0,11,1,1
477,5,1,0,0,11,2,1
477,6,0,1,0,12,2,1
477,7,0,1,0,12,3,1
477,8,0,1,0,12,4,1
477,9,0,1,0,12,5,1
477,10,1,0,0,12,6,1
478,1,0,0,1,10,0,0
478,2,0,0,1,10,0,1
478,3,1,0,0,10,0,2
478,4,0,1,0,11,0,2
478,5,0,0,1,11,1,2
478,6,1,0,0,11,1,3
478,7,1,0,0,12,1,3
478,8,0,0,1,13,1,3
478,9,0,0,1,13,1,4
478,10,0,1,0,13,1,5
479,1,0,1,0,10,0,0
479,2,1,0,0,10,1,0
479,3,1,0,0,11,1,0
479,4,1,0,0,12,1,0
479,5,1,0,0,13,1,0
479,6,1,0,0,14,1,0
479,7,0,1,0,15,1,0
479,8,0,1,0,15,2,0
479,9,0,0,1,15,3,0
479,10,0,1,0,15,3,1
480,1,0,0,1,10,0,0
480,2,0,0,1,10,0,1
480,3,1,0,0,10,0,2
480,4,1,0,0,11,0,2
480,5,0,1,0,12,0,2
480,6,0,0,1,12,1,2
480,7,0,0,1,12,1,3
480,8,0,0,1,12,1,4
480,9,0,1,0,12,1,5
480,10,1,0,0,12,2,5
481,1,1,0,0,10,0,0
481,2,0,1,0,11,0,0
481,3,0,1,0,11,1,0
481,4,0,1,0,11,2,0
481,5,0,0,1,11,3,0
481,6,1,0,0,11,3,1
481,7,0,1,0,12,3,1
481,8,0,1,0,12,4,1
481,9,0,1,0,12,5,1
481,10,0,1,0,12,6,1
482,1,0,0,1,10,0,0
482,2,1,0,0,10,0,1
482,3,0,0,1,11,0,1
482,4,0,0,1,11,0,2
482,5,0,0,1,11,0,3
482,6,0,0,1,11,0,4
482,7,0,0,1,11,0,5
482,8,0,1,0,11,0,6
482,9,1,0,0,11,1,6
482,10,0,0,1,12,1,6
483,1,0,1,0,10,0,0
483,2,1,0,0,10,1,0
483,3,0,1,0,11,1,0
483,4,1,0,0,11,2,0
483,5,0,1,0,12,2,0
483,6,1,0,0,12,3,0
483,7,0,0,1,13,3,0
483,8,0,1,0,13,3,1
483,9,0,1,0,13,4,1
483,10,0,1,0,13,5,1
484,1,0,0,1,10,0,0
484,2,1,0,0,10,0,1
484,3,0,0,1,11,0,1
484,4,1,0,0,11,0,2
484,5,0,1,0,12,0,2
484,6,0,0,1,12,1,2
484,7,0,1,0,12,1,3
484,8,1,0,0,12,2,3
484,9,0,1,0,13,2,3
484,10,0,0,1,13,3,3
485,1,1,0,0,10,0,0
485,2,1,0,0,11,0,0
485,3,0,1,0,12,0,0
485,4,0,1,0,12,1,0
485,5,0,0,1,12,2,0
485,6,0,1,0,12,2,1
485,7,0,0,1,12,3,1
485,8,0,1,0,12,3,2
485,9,0,1,0,12,4,2
485,10,0,1,0,12,5,2
486,1,1,0,0,10,0,0
486,2,1,0,0,11,0,0
486,3,1,0,0,12,0,0
486,4,0,0,1,13,0,0
486,5,0,0,1,13,0,1
486,6,0,1,0,13,0,2
486,7,0,1,0,13,1,2
486,8,0,0,1,13,2,2
486,9,0,1,0,13,2,3
486,10,0,1,0,13,3,3
487,1,0,1,0,10,0,0
487,2,0,0,1,10,1,0
487,3,0,1,0,10,1,1
487,4,0,1,0,10,2,1
487,5,0,0,1,10,3,1
487,6,1,0,0,10,3,2
487,7,0,0,1,11,3,2
487,8,0,0,1,11,3,3
487,9,0,1,0,11,3,4
487,10,0,1,0,11,4,4
488,1,0,1,0,10,0,0
488,2,0,0,1,10,1,0
488,3,0,1,0,10,1,1
488,4,0,0,1,10,2,1
488,5,0,1,0,10,2,2
488,6,1,0,0,10,3,2
488,7,0,0,1,11,3,2
488,8,0,0,1,11,3,3
488,9,0,0,1,11,3,4
488,10,0,1,0,11,3,5
489,1,0,0,1,10,0,0
489,2,1,0,0,10,0,1
489,3,0,1,0,11,0,1
489,4,0,0,1,11,1,1
489,5,0,1,0,11,1,2
489,6,0,1,0,11,2,2
489,7,1,0,0,11,3,2
489,8,0,1,0,12,3,2
489,9,0,0,1,12,4,2
489,10,0,1,0,12,4,3
490,1,0,0,1,10,0,0
490,2,1,0,0,10,0,1
490,3,1,0,0,11,0,1
490,4,0,0,1,12,0,1
490,5,0,0,1,12,0,2
490,6,0,0,1,12,0,3
490,7,0,0,1,12,0,4
490,8,0,0,1,12,0,5
490,9,1,0,0,12,0,6
490,10,1,0,0,13,0,6
491,1,0,0,1,10,0,0
491,2,1,0,0,10,0,1
491,3,0,1,0,11,0,1
491,4,1,0,0,11,1,1
491,5,0,1,0,12,1,1
491,6,1,0,0,12,2,1
491,7,1,0,0,13,2,1
491,8,0,1,0,14,2,1
491,9,0,1,0,14,3,1
491,10,0,0,1,14,4,1
492,1,1,0,0,10,0,0
492,2,1,0,0,11,0,0
492,3,1,0,0,12,0,0
492,4,0,0,1,13,0,0
492,5,0,1,0,13,0,1
492,6,0,0,1,13,1,1
492,7,0,0,1,13,1,2
492,8,0,1,0,13,1,3
492,9,0,0,1,13,2,3
492,10,0,0,1,13,2,4
493,1,1,0,0,10,0,0
493,2,1,0,0,11,0,0
493,3,0,0,1,12,0,0
493,4,0,0,1,12,0,1
493,5,0,1,0,12,0,2
493,6,0,1,0,12,1,2
493,7,0,1,0,12,2,2
493,8,0,1,0,12,3,2
493,9,0,1,0,12,4,2
493,10,0,1,0,12,5,2
494,1,0,0,1,10,0,0
494,2,1,0,0,10,0,1
494,3,1,0,0,11,0,1
494,4,0,1,0,12,0,1
494,5,0,0,1,12,1,1
494,6,1,0,0,12,1,2
494,7,0,0,1,13,1,2
494,8,0,0,1,13,1,3
494,9,0,1,0,13,1,4
494,10,0,1,0,13,2,4
495,1,0,1,0,10,0,0
495,2,1,0,0,10,1,0
495,3,0,1,0,11,1,0
495,4,0,1,0,11,2,0
495,5,0,1,0,11,3,0
495,6,1,0,0,11,4,0
495,7,0,0,1,12,4,0
495,8,0,1,0,12,4,1
495,9,1,0,0,12,5,1
495,10,0,1,0,13,5,1
496,1,0,0,1,10,0,0
496,2,1,0,0,10,0,1
496,3,1,0,0,11,0,1
496,4,0,1,0,12,0,1
496,5,1,0,0,12,1,1
496,6,0,0,1,13,1,1
496,7,1,0,0,13,1,2
496,8,0,0,1,14,1,2
496,9,0,0,1,14,1,3
496,10,0,0,1,14,1,4
497,1,1,0,0,10,0,0
497,2,1,0,0,11,0,0
497,3,0,0,1,12,0,0
497,4,1,0,0,12,0,1
497,5,0,1,0,13,0,1
497,6,0,1,0,13,1,1
497,7,0,1,0,13,2,1
497,8,0,0,1,13,3,1
497,9,0,1,0,13,3,2
497,10,0,1,0,13,4,2
498,1,1,0,0,10,0,0
498,2,0,0,1,11,0,0
498,3,1,0,0,11,0,1
498,4,0,0,1,12,0,1
498,5,0,0,1,12,0,2
498,6,1,0,0,12,0,3
498,7,0,1,0,13,0,3
498,8,1,0,0,13,1,3
498,9,1,0,0,14,1,3
498,10,0,0,1,15,1,3
499,1,1,0,0,10,0,0
499,2,0,1,0,11,0,0
499,3,1,0,0,11,1,0
499,4,0,1,0,12,1,0
499,5,0,1,0,12,2,0
499,6,0,0,1,12,3,0
499,7,0,0,1,12,3,1
499,8,0,0,1,12,3,2
499,9,0,1,0,12,3,3
499,10,1,0,0,12,4,3
500,1,1,0,0,10,0,0
500,2,1,0,0,11,0,0
500,3,0,0,1,12,0,0
500,4,0,1,0,12,0,1
500,5,0,1,0,12,1,1
500,6,1,0,0,12,2,1
500,7,0,0,1,13,2,1
500,8,0,0,1,13,2,2
500,9,0,0,1,13,2,3
500,10,0,0,1,13,2,4
